"year","brood_stock_number_new","date","loc_1_31","sex","poh_length_cm","tag_number","operc_punch","ad_clip_y_n_u","e_label_number","comments_tagging_new","GR_age","total_age","egg_volume_ml","reach","comments_brood","total_n_green_eggs_taken_at_collection_sum","mean_n_live_eggs_per_gram_mean","jday","g_per_egg"
2011,1,2011-09-01,"9","F",82,NA,NA,NA,NA,"BROODSTOCK #1","62",6,2300,"UP",NA,6210,NA,244,NA
2011,2,2011-09-01,"9","F",83,NA,NA,NA,NA,"BROODSTOCK #2","4M",NA,3200,"UP",NA,8000,NA,244,NA
2011,3,2011-09-01,"6","F",74,NA,NA,NA,NA,"BROODSTOCK #3","3M",NA,2000,"UP",NA,6480,NA,244,NA
2011,4,2011-09-02,"31","F",85,NA,NA,NA,NA,"BROODSTOCK #4","4M",NA,2800,"LOW",NA,6692,NA,245,NA
2011,5,2011-09-02,"23","F",86,NA,NA,NA,NA,"BROODSTOCK #5","4M",NA,3200,"LOW",NA,8576,NA,245,NA
2011,6,2011-09-02,"31","F",83,NA,NA,NA,NA,"BROODSTOCK #6","5M",NA,1600,"LOW",NA,4272,NA,245,NA
2011,7,2011-09-03,"9","F",78,"2374","R",NA,NA,"BROODSTOCK #7 (POSSIBLE CYSTS IN KIDNEY)","52",5,1600,"UP","CYSTS",6000,NA,246,NA
2011,8,2011-09-03,"9","F",73,NA,NA,NA,NA,"BROODSTOCK #8","52",5,1600,"UP",NA,5696,NA,246,NA
2011,9,2011-09-03,"9","F",76,NA,NA,NA,NA,"BROODSTOCK #9","52",5,2000,"UP",NA,6700,NA,246,NA
2011,10,2011-09-03,"9","F",76,NA,NA,NA,NA,"BROODSTOCK #10","4M",NA,1800,"UP",NA,6246,NA,246,NA
2011,11,2011-09-03,"9","F",76,NA,NA,NA,NA,"BROODSTOCK #11","52",5,2500,"UP","CYSTS",8100,NA,246,NA
2011,12,2011-09-03,"6","F",78,NA,NA,NA,NA,"BROODSTOCK #12","52",5,1400,"UP",NA,5362,NA,246,NA
2011,13,2011-09-03,"6","F",79,NA,NA,NA,NA,"BROODSTOCK #13","3M",NA,1900,"UP",NA,6479,NA,246,NA
2011,14,2011-09-04,"24","F",74,NA,NA,NA,NA,"BROODSTOCK #14","4M",NA,1500,"LOW",NA,5070,NA,247,NA
2011,15,2011-09-04,"24","F",90,NA,NA,NA,NA,"BROODSTOCK #15","62",6,2900,"LOW",NA,7572,NA,247,NA
2011,16,2011-09-06,"9","F",81,NA,NA,NA,NA,"BROODSTOCK #16","62",6,2600,"UP",NA,7332,NA,249,NA
2011,17,2011-09-06,"9","F",88,NA,NA,NA,NA,"BROODSTOCK #17","52",5,1300,"UP",NA,3250,NA,249,NA
2011,18,2011-09-13,"24","F",80,NA,NA,NA,NA,"BROODSTOCK #18","62",6,2500,"LOW",NA,8250,NA,256,NA
2011,19,2011-09-13,"24","F",75,NA,NA,NA,NA,"BROODSTOCK #19","52",5,2300,"LOW",NA,6808,NA,256,NA
2011,20,2011-09-13,"24","F",71,NA,NA,NA,NA,"BROODSTOCK #20","52",5,1800,"LOW",NA,6894,NA,256,NA
2011,21,2011-09-13,"24","F",78,NA,NA,NA,NA,"BROODSTOCK #21","52",5,2300,"LOW",NA,8736,NA,256,NA
2011,22,2011-09-13,"24","F",82,NA,NA,NA,NA,"BROODSTOCK #22","52",5,2400,"LOW",NA,7128,NA,256,NA
2011,23,2011-09-13,"26","F",78,NA,NA,NA,NA,"BROODSTOCK #23","3M",NA,2200,"LOW","CYSTS",6864,NA,256,NA
2011,24,2011-09-13,"31","F",71,NA,NA,NA,NA,"BROODSTOCK #24","52",5,1500,"UP",NA,6375,NA,256,NA
2011,25,2011-09-14,"9","F",70,NA,NA,NA,NA,"BROODSTOCK #25","52",5,2000,"UP",NA,7100,NA,257,NA
2011,26,2011-09-14,"12","F",75,NA,NA,NA,NA,"BROODSTOCK #26","52",5,3000,"LOW",NA,10980,NA,257,NA
2011,27,2011-09-15,"31","F",81,NA,NA,NA,NA,"BROODSTOCK #27","62",6,1500,"LOW","CYSTS",5010,NA,258,NA
2011,28,2011-09-15,"31","F",75,NA,NA,NA,NA,"BROODSTOCK #28","52",5,2200,"LOW","CYSTS",7678,NA,258,NA
2011,29,2011-09-15,"26","F",75,NA,NA,NA,NA,"BROODSTOCK #29","3M",NA,1700,"LOW",NA,6545,NA,258,NA
2011,30,2011-09-16,"31","F",74,NA,NA,NA,NA,"BROODSTOCK #30","3M",NA,2100,"LOW","CYSTS",5901,NA,259,NA
2011,31,2011-09-16,"31","F",78,NA,NA,NA,NA,"BROODSTOCK #31","3M",NA,1300,"LOW",NA,4433,NA,259,NA
2011,32,2011-09-16,"27","F",74,NA,NA,NA,NA,"BROODSTOCK #32 (SCHOOL)","3M",NA,1700,"UP",NA,6290,NA,259,NA
2011,33,2011-09-17,"9","F",72,NA,NA,NA,NA,"BROODSTOCK #33","52",5,1300,"UP",NA,5226,NA,260,NA
2011,34,2011-09-17,"6","F",72,NA,NA,NA,NA,"BROODSTOCK #34","62",6,2400,"LOW",NA,8352,NA,260,NA
2011,35,2011-09-19,"24","F",75,NA,NA,NA,NA,"BROODSTOCK #35","52",5,1800,"UP",NA,6390,NA,262,NA
2011,36,2011-09-20,"9","F",77,NA,NA,NA,NA,"BROODSTOCK #36","52",5,1200,"UP",NA,3864,NA,263,NA
2011,37,2011-09-20,"9","F",71,NA,NA,NA,NA,"BROODSTOCK #37","52",5,1800,"UP",NA,6318,NA,263,NA
2011,38,2011-09-20,"9","F",74,NA,NA,NA,NA,"BROODSTOCK #38","52",5,1300,"UP",NA,5551,NA,263,NA
2011,39,2011-09-20,"9","F",67,NA,NA,NA,NA,"BROODSTOCK #39","52",5,2000,"UP",NA,7060,NA,263,NA
2011,40,2011-09-20,"9","F",74,NA,NA,NA,NA,"BROODSTOCK #40","52",5,2300,"UP",NA,7935,NA,263,NA
2011,41,2011-09-20,"9","F",80,NA,NA,NA,NA,"BROODSTOCK #41","62",6,2200,"UP",NA,6754,NA,263,NA
2011,42,2011-09-20,"9","F",80,NA,NA,NA,NA,"BROODSTOCK #42","4M",NA,1100,"UP",NA,4730,NA,263,NA
2011,43,2011-09-20,"9","F",74,NA,NA,NA,NA,"BROODSTOCK #43","52",5,1400,"UP",NA,4480,NA,263,NA
2011,44,2011-09-21,"9","F",79,NA,NA,NA,NA,"BROODSTOCK #44","62",6,2000,"UP",NA,6700,NA,264,NA
2011,45,2011-09-21,"9","F",73,NA,NA,NA,NA,"BROODSTOCK #45","62",6,1000,"LOW",NA,3510,NA,264,NA
2011,46,2011-09-22,"24","F",73,NA,NA,NA,NA,"BROODSTOCK #46","52",5,1200,"LOW",NA,5088,NA,265,NA
2011,47,2011-09-22,"24","F",74,NA,NA,NA,NA,"BROODSTOCK #47","52",5,NA,NA,NA,NA,NA,265,NA
2012,1,2012-09-01,"9","F",80,NA,NA,NA,NA,"Brood Stock  #1","62",6,2400,"UP",NA,7512,NA,245,NA
2012,2,2012-09-03,"31","F",80,NA,NA,NA,NA,"Brood Stock  #2","62",6,2000,"LOW",NA,5420,NA,247,NA
2012,3,2012-09-03,"31","F",79,NA,NA,NA,NA,"Brood Stock  #3","72",7,2300,"LOW",NA,5820,NA,247,NA
2012,4,2012-09-04,"9","F",79,NA,NA,NA,NA,"Brood Stock  #4","3M",NA,1900,"UP",NA,5738,NA,248,NA
2012,5,2012-09-04,"9","F",83,NA,NA,NA,NA,"Brood Stock  #5","62",6,1500,"UP",NA,4425,NA,248,NA
2012,6,2012-09-05,"34","F",81,NA,"L",NA,NA,"Brood Stock  #6","62",6,3200,"LOW",NA,8576,NA,249,NA
2012,7,2012-09-05,"30","F",83,NA,NA,NA,NA,"Brood Stock   #7","62",6,2500,"LOW",NA,6825,NA,249,NA
2012,8,2012-09-11,"6","F",NA,NA,NA,NA,NA,"8 1/2"" Net   Brood Stock   #20","4M",NA,2300,"LOW",NA,7912,NA,255,NA
2012,8,2012-09-05,NA,"F",80,NA,NA,NA,NA,"Brood Stock   #8","52",5,2300,"LOW",NA,7912,NA,249,NA
2012,9,2012-09-05,"31","F",80,NA,NA,NA,NA,"Brood Stock   #9","52",5,2400,"LOW",NA,8472,NA,249,NA
2012,10,2012-09-06,"9","F",74,NA,NA,NA,NA,"Brood Stock   #10","52",5,2200,"UP",NA,6270,NA,250,NA
2012,11,2012-09-06,"9","F",82,NA,NA,NA,NA,"Brood Stock   #11","62",6,2200,"UP",NA,7018,NA,250,NA
2012,12,2012-09-06,"9","F",83,NA,NA,NA,NA,"Brood Stock   #12","62",6,2500,"UP",NA,7700,NA,250,NA
2012,13,2012-09-06,"4","F",72,NA,NA,NA,NA,"Brood Stock #13","52",5,1500,"UP",NA,5350,NA,250,NA
2012,14,2012-09-07,"31","F",84,NA,NA,NA,NA,"Brood Stock    #14","4M",NA,2500,"LOW",NA,6325,NA,251,NA
2012,15,2012-09-08,"9","F",73,NA,NA,NA,NA,"Brood Stock    #15","52",5,1900,"UP",NA,6365,NA,252,NA
2012,16,2012-09-08,"9","F",80,NA,NA,NA,NA,"Brood Stock   #16","52",5,2300,"UP",NA,6210,NA,252,NA
2012,17,2012-09-10,"31","F",NA,NA,NA,NA,NA,"Brood Stock   #17",NA,NA,2300,"LOW",NA,7176,NA,254,NA
2012,18,2012-09-11,"9","F",84,NA,NA,NA,NA,"Brood Stock    #18","4M",NA,2000,"UP",NA,4620,NA,255,NA
2012,19,2012-09-11,"9","F",76,NA,NA,NA,NA,"Brood Stock   #19","4M",NA,1700,"UP",NA,5559,NA,255,NA
2012,20,NA,NA,NA,NA,NA,NA,NA,NA,NA,NA,NA,2200,"UP",NA,6688,NA,NA,NA
2012,21,2012-09-12,"31","F",88,NA,NA,NA,NA,"Brood Stock   #21","62",6,2300,"LOW",NA,6693,NA,256,NA
2012,22,2012-09-12,"31","F",80,NA,NA,NA,NA,"Brood Stock   #22","62",6,1800,"LOW",NA,4626,NA,256,NA
2012,23,2012-09-12,"31","F",80,NA,NA,NA,NA,"Brood Stock   #23","62",6,2000,"LOW",NA,6160,NA,256,NA
2012,24,2012-09-13,"6","F",71,NA,NA,NA,NA,"Brood Stock   #24","",NA,1200,"UP",NA,3852,NA,257,NA
2012,25,2012-09-14,"24","F",81,NA,NA,NA,NA,"Brood Stock   #25","62",6,NA,NA,NA,NA,NA,258,NA
2013,1,2013-09-02,"9","F",80,NA,NA,NA,NA,"BROODSTOCK #1","52",5,2200,"UP",NA,6897,NA,245,NA
2013,2,2013-09-02,"9","F",86,NA,NA,NA,NA,"BROODSTOCK #2","62",6,2200,"UP",NA,5566,NA,245,NA
2013,3,2013-09-02,"9","F",83,NA,NA,NA,NA,"BROODSTOCK #3","62",6,1500,"UP",NA,4215,NA,245,NA
2013,4,2013-09-02,"9","F",80,NA,NA,NA,NA,"BROODSTOCK #4","52",5,1800,"UP",NA,5796,NA,245,NA
2013,5,2013-09-02,"9","F",83,NA,NA,NA,NA,"BROODSTOCK #5","62",6,2000,"UP",NA,4480,NA,245,NA
2013,6,2013-09-03,"21","F",82,NA,NA,NA,NA,"BROODSTOCK #6","62",6,2300,"LOW",NA,5842,NA,246,NA
2013,7,2013-09-04,"9","F",80,NA,NA,NA,NA,"BROODSTOCK #7","62",6,1900,"UP",NA,4484,NA,247,NA
2013,8,2013-09-04,NA,"F",82,NA,NA,NA,NA,"BROODSTOCK #8","62",6,2100,"UP",NA,5838,NA,247,NA
2013,9,2013-09-04,"9","F",79,NA,NA,NA,NA,"BROODSTOCK #9","3M",NA,2200,"UP",NA,7546,NA,247,NA
2013,10,2013-09-04,"9","F",80,NA,NA,NA,NA,"BROODSTOCK #10","62",6,2200,"UP",NA,7106,NA,247,NA
2013,11,2013-09-04,"9","F",85,NA,NA,NA,NA,"BROODSTOCK #11","62",6,2500,"UP",NA,6750,NA,247,NA
2013,12,2013-09-04,"9","F",82,NA,NA,NA,NA,"BROODSTOCK #12","52",5,2300,"UP",NA,6210,NA,247,NA
2013,13,2013-09-05,"4","F",74,NA,NA,NA,NA,"BROODSTOCK #13","52",5,1700,"UP",NA,5627,NA,248,NA
2013,14,2013-09-05,"6","F",88,NA,NA,NA,NA,"BROODSTOCK #14","62",6,3300,"UP",NA,7590,NA,248,NA
2013,15,2013-09-05,"6","F",74,NA,NA,NA,NA,"BROODSTOCK #15","52",5,1000,"UP",NA,2400,NA,248,NA
2013,16,2013-09-05,"9","F",84,NA,NA,NA,NA,"BROODSTOCK #16","4M",NA,2600,"UP",NA,6838,NA,248,NA
2013,17,2013-09-05,"9","F",86,NA,NA,NA,NA,"BROODSTOCK #17","62",6,2600,"UP",NA,6994,NA,248,NA
2013,18,2013-09-05,"9","F",77,NA,NA,NA,NA,"BROODSTOCK #18","52",5,2400,"UP","BKD",7488,NA,248,NA
2013,19,2013-09-05,"9","F",86,NA,NA,NA,NA,"BROODSTOCK #19","",NA,2100,"UP",NA,7056,NA,248,NA
2013,20,2013-09-06,"31","F",79,NA,NA,NA,NA,"BROODSTOCK #20","52",5,2200,"LOW",NA,6402,NA,249,NA
2013,21,2013-09-06,"31","F",85,NA,NA,NA,NA,"BROODSTOCK #21","62",6,3000,"LOW",NA,6690,NA,249,NA
2013,22,2013-09-06,"31","F",85,NA,NA,NA,NA,"BROODSTOCK #22","4M",NA,2700,"LOW",NA,8073,NA,249,NA
2013,23,2013-09-06,"30","F",86,NA,NA,NA,NA,"BROODSTOCK #23","62",6,2600,"LOW",NA,6604,NA,249,NA
2013,24,2013-09-06,"30","F",86,NA,NA,NA,NA,"BROODSTOCK #24","",NA,2500,"LOW",NA,7300,NA,249,NA
2013,25,2013-09-07,"4","F",88,NA,NA,NA,NA,"BROODSTOCK #25","4M",NA,3600,"UP",NA,7200,NA,250,NA
2013,26,2013-09-07,"4","F",NA,NA,NA,NA,NA,"BROODSTOCK #26","52",5,2800,"UP",NA,6328,NA,250,NA
2013,27,2013-09-07,"9","F",78,NA,NA,NA,NA,"BROODSTOCK #27","3M",NA,1500,"UP",NA,5520,NA,250,NA
2013,28,2013-09-07,"9","F",76,NA,NA,NA,NA,"BROODSTOCK #28","52",5,1400,"UP",NA,4354,NA,250,NA
2013,29,2013-09-07,"9","F",80,NA,NA,NA,NA,"BROODSTOCK #29","52",5,2600,"UP",NA,7228,NA,250,NA
2013,30,2013-09-07,"9","F",79,NA,NA,NA,NA,"BROODSTOCK #30","52",5,1600,"UP",NA,5248,NA,250,NA
2013,31,2013-09-07,"9","F",71,NA,NA,NA,NA,"BROODSTOCK #31","52",5,2200,"UP",NA,9922,NA,250,NA
2013,32,2013-09-07,"9","F",74,NA,NA,NA,NA,"BROODSTOCK #32","3M",NA,1600,"UP",NA,5872,NA,250,NA
2013,33,2013-09-09,"31","F",81,NA,NA,NA,NA,"BROODSTOCK #33","62",6,2500,"LOW",NA,6500,NA,252,NA
2013,34,2013-09-09,"21","F",NA,NA,NA,NA,NA,"BROODSTOCK #34","62",6,1700,"LOW",NA,4420,NA,252,NA
2013,35,2013-09-09,"21","F",82,NA,NA,NA,NA,"BROODSTOCK #35","62",6,2800,"LOW",NA,7476,NA,252,NA
2013,36,2013-09-09,"31","F",84,NA,NA,NA,NA,"BROODSTOCK #36","62",6,2800,"LOW",NA,7588,NA,252,NA
2013,37,2013-09-10,"31","F",NA,NA,NA,NA,NA,"BROODSTOCK #37","52",5,1600,"LOW",NA,5888,NA,253,NA
2013,38,2013-09-10,"23","F",76,NA,NA,NA,NA,"BROODSTOCK #38 \ TAILOUT OF SITE 23","52",5,1200,"LOW",NA,4128,NA,253,NA
2013,39,2013-09-10,"23","F",79,NA,NA,NA,NA,"BROODSTOCK # 39 \ TAILOUT OF SITE 23","52",5,1100,"LOW",NA,3608,NA,253,NA
2013,40,2013-09-10,"30","F",76,NA,NA,NA,NA,"BROODSTOCK #40","52",5,1800,"LOW",NA,5508,NA,253,NA
2013,41,2013-09-11,"9","F",90,NA,NA,NA,NA,"BROODSTOCK #41\HELD IN TUBES","62",6,3000,"UP",NA,7440,NA,254,NA
2013,42,2013-09-11,"9","F",76,NA,NA,NA,NA,"BROODSTOCK #42","52",5,2100,"UP",NA,6300,NA,254,NA
2013,43,2013-09-11,"9","F",79,NA,NA,NA,NA,"BROODSTOCK #43","52",5,1900,"UP",NA,5301,NA,254,NA
2013,44,2013-09-11,"9","F",90,NA,NA,NA,NA,"BROODSTOCK #44","62",6,3000,"UP",NA,7110,NA,254,NA
2013,45,2013-09-11,"9","F",85,NA,NA,NA,NA,"BROODSTOCK #45","52",5,2500,"UP",NA,6700,NA,254,NA
2013,46,2013-09-12,"23","F",77,NA,NA,NA,NA,"BROODSTOCK #46","62",6,2200,"LOW",NA,6930,NA,255,NA
2014,1,2014-09-01,"6","F",88,NA,NA,NA,NA,"BROOD #1","62",6,2200,"UP",NA,6000,NA,244,NA
2014,2,2014-09-01,"6","F",72,NA,NA,NA,NA,"BROOD #2","52",5,700,"UP",NA,2500,NA,244,NA
2014,3,2014-09-03,"3","F",85,NA,NA,NA,NA,"BROOD #3","4M",NA,3100,"UP",NA,7626,NA,246,NA
2014,4,2014-09-03,"3","F",76,NA,NA,NA,NA,"BROOD #4","52",5,1200,"UP",NA,5952,NA,246,NA
2014,5,2014-09-03,"3","F",84,NA,NA,NA,NA,"BROOD #5","52",5,1100,"UP",NA,2981,NA,246,NA
2014,6,2014-09-03,"9","F",80,NA,NA,NA,NA,"BROOD #6","52",5,1600,"UP",NA,4928,NA,246,NA
2014,7,2014-09-03,"9","F",78,NA,NA,NA,NA,"BROOD #7","52",5,1400,"UP",NA,4438,NA,246,NA
2014,8,2014-09-03,"9","F",76,NA,NA,NA,NA,"BROOD #8","52",5,2200,"UP",NA,5060,NA,246,NA
2014,9,2014-09-04,"31","F",83,NA,NA,NA,NA,"BROOD #9","3M",NA,2400,"LOW",NA,6384,NA,247,NA
2014,10,2014-09-04,"31","F",NA,NA,NA,NA,NA,"BROOD #10","62",6,1900,"LOW",NA,3477,NA,247,NA
2014,10,2014-09-04,"31","F",84,"A4247","L",NA,NA,"GIVEN TO ROB","4M",NA,1900,"LOW",NA,3477,NA,247,NA
2014,11,2014-09-04,"27","F",87,NA,NA,NA,NA,"BROOD #11 (CAUGHT SEP 2 - BAGGED)","4M",NA,3000,"LOW",NA,7110,NA,247,NA
2014,12,2014-09-05,"3","F",77,NA,NA,NA,NA,"BROOD #12","52",5,2200,"UP",NA,6325,NA,248,NA
2014,13,2014-09-05,"3","F",74,NA,NA,NA,NA,"BROOD #13","52",5,1600,"UP",NA,4928,NA,248,NA
2014,14,2014-09-05,"6","F",80,NA,NA,NA,NA,"BROOD #14","52",5,2100,"UP",NA,6258,NA,248,NA
2014,15,2014-09-05,"6","F",78,NA,NA,NA,NA,"BROOD #15","52",5,1900,"UP",NA,5548,NA,248,NA
2014,16,2014-09-05,"9","F",77,NA,NA,NA,NA,"BROOD #16","52",5,1900,"UP",NA,6042,NA,248,NA
2014,17,2014-09-05,"9","F",81,NA,NA,NA,NA,"BROOD #17","62",6,1500,"UP",NA,4020,NA,248,NA
2014,18,2014-09-05,"9","F",79,NA,NA,NA,NA,"BROOD #18","3M",NA,2000,"UP",NA,6240,NA,248,NA
2014,19,2014-09-06,"31","F",96,NA,NA,NA,NA,"BROOD #19","62",6,3600,"LOW",NA,9288,NA,249,NA
2014,20,2014-09-06,"30","F",80,NA,NA,NA,NA,"BROOD #20 (SMALL RED DOTS IN SKIN)","62",6,2200,"LOW",NA,5896,NA,249,NA
2014,21,2014-09-06,NA,"F",85,NA,NA,NA,NA,"BROOD #21 (SIDE CHANNEL ABOVE DIGGERS)","52",5,2800,"LOW",NA,8568,NA,249,NA
2014,22,2014-09-06,"25","F",85,NA,NA,NA,NA,"BROOD #22","62",6,2800,"LOW",NA,7488,NA,249,NA
2014,23,2014-09-08,"3","F",83,NA,NA,NA,NA,"BROOD #23","52",5,3000,"UP",NA,9540,NA,251,NA
2014,24,2014-09-08,"9","F",NA,NA,NA,NA,NA,"BROOD #24","62",6,1700,"UP",NA,4522,NA,251,NA
2014,25,2014-09-08,"6","F",84,NA,NA,NA,NA,"BROOD #25","3M",NA,1600,"UP",NA,3936,NA,251,NA
2014,26,2014-09-08,"6","F",88,NA,NA,NA,NA,"BROOD #26","62",6,1900,"UP",NA,4978,NA,251,NA
2014,27,2014-09-08,"6","F",74,NA,NA,NA,NA,"BROOD #27","52",5,2000,"UP",NA,6240,NA,251,NA
2014,28,2014-09-09,"31","F",82,NA,NA,NA,NA,"BROOD #28","62",6,2200,"LOW",NA,6908,NA,252,NA
2014,29,2014-09-09,"31","F",76,NA,NA,NA,NA,"BROOD #29","3M",NA,1400,"LOW",NA,3500,NA,252,NA
2014,30,2014-09-09,"25","F",92,NA,NA,NA,NA,"BROOD #30","4M",NA,2600,"LOW",NA,6604,NA,252,NA
2014,31,2014-09-09,"25","F",88,NA,NA,NA,NA,"BROOD #31","4M",NA,3200,"LOW",NA,10304,NA,252,NA
2014,32,2014-09-09,"25","F",84,NA,NA,NA,NA,"BROOD #32","4M",NA,3100,"LOW",NA,8928,NA,252,NA
2014,33,2014-09-10,"3","F",75,NA,NA,NA,NA,"BROOD #33","52",5,1200,"UP",NA,4776,NA,253,NA
2014,34,2014-09-10,"3","F",79,NA,NA,NA,NA,"BROOD #34","52",5,2000,"UP",NA,6000,NA,253,NA
2014,35,2014-09-10,"6","F",81,NA,NA,NA,NA,"BROOD #35","62",6,2800,"UP",NA,7336,NA,253,NA
2014,36,2014-09-10,NA,"F",89,NA,NA,NA,NA,"BROOD #36","62",6,2500,"UP",NA,5950,NA,253,NA
2014,37,2014-09-11,"31","F",86,NA,NA,NA,NA,"BROOD #37 - BAGGED FROM SEPT 9","4M",NA,2600,"LOW","BKD, removed",7020,NA,254,NA
2014,38,2014-09-11,"31","F",79,NA,NA,NA,NA,"BROOD #38 - BAGGED FROM SEPT 9","3M",NA,2100,"LOW",NA,5796,NA,254,NA
2014,39,2014-09-11,"31","F",80,NA,NA,NA,NA,"BROOD #39","62",6,2700,"LOW",NA,7722,NA,254,NA
2014,40,2014-09-11,"31","F",89,NA,NA,NA,NA,"BROOD #40","62",6,1200,"LOW",NA,3000,NA,254,NA
2014,41,2014-09-11,"24","F",90,NA,NA,NA,NA,"BROOD #41","4M",NA,3300,"LOW",NA,8118,NA,254,NA
2014,42,2014-09-12,"3","F",79,NA,NA,NA,NA,"BROOD #42","52",5,2200,"UP",NA,7260,NA,255,NA
2014,43,2014-09-12,"6","F",66,NA,NA,NA,NA,"BROOD #43 - LESIONS IN LIVER","3M",NA,1200,"UP","Cysts in liver, removed",3960,NA,255,NA
2014,44,2014-09-12,"9","F",85,NA,NA,NA,NA,"BROOD #44","4M",NA,1900,"UP",NA,4978,NA,255,NA
2014,45,2014-09-12,"9","F",83,NA,NA,NA,NA,"BROOD #45","4M",NA,1500,"UP",NA,3750,NA,255,NA
2014,46,2014-09-13,"30","F",84,NA,NA,NA,NA,"BROOD #46 - BAGGED SEPT 11","4M",NA,1600,"LOW",NA,5344,NA,256,NA
2014,47,2014-09-13,"30","F",83,NA,NA,NA,NA,"BROOD #47 - BAGGED SEPT 11","62",6,2500,"LOW",NA,7550,NA,256,NA
2014,48,2014-09-13,"24","F",89,NA,NA,NA,NA,"BROOD #48","4M",NA,2200,"LOW",NA,5980,NA,256,NA
2014,49,2014-09-15,"3","F",67,NA,NA,NA,NA,"BROOD #49","52",5,1500,"UP",NA,6300,NA,258,NA
2014,50,2014-09-15,"3","F",76,NA,NA,NA,NA,"BROOD #50","52",5,2100,"UP",NA,6636,NA,258,NA
2015,1,2015-09-02,"24","F",83,NA,NA,NA,NA,"BROOD 1","52",5,2100,"LOW",NA,6090,NA,245,NA
2015,2,NA,NA,NA,NA,NA,NA,NA,NA,NA,NA,NA,2700,"UP",NA,8640,NA,NA,NA
2015,3,2015-09-03,"9","F",78,NA,NA,NA,NA,"BROOD 3","3M",NA,2200,"UP",NA,6776,NA,246,NA
2015,4,2015-09-03,"9","F",77,NA,NA,NA,NA,"BROOD 4","52",5,2000,"UP",NA,6720,NA,246,NA
2015,5,2015-09-03,"9","F",79,NA,NA,NA,NA,"BROOD 5","3M",NA,1500,"UP",NA,4890,NA,246,NA
2015,6,2015-09-04,"26","F",78,NA,NA,NA,NA,"BROOD 6","3M",NA,2300,"LOW",NA,7314,NA,247,NA
2015,7,2015-09-04,"22","F",78,NA,NA,NA,NA,"BROOD 7","52",5,1600,"UP",NA,5920,NA,247,NA
2015,8,2015-09-05,"3","F",81,NA,NA,NA,NA,"BROOD 8","4M",NA,2000,"UP",NA,4880,NA,248,NA
2015,9,2015-09-05,"3","F",80,NA,NA,NA,NA,"BROOD 9","52",5,2300,"UP",NA,7406,NA,248,NA
2015,10,2015-09-05,"3","F",85,NA,NA,NA,NA,"BROOD 10","62",6,2900,"UP",NA,7308,NA,248,NA
2015,11,2015-09-05,"9","F",77,NA,NA,NA,NA,"BROOD 11","3M",NA,2300,"UP",NA,6578,NA,248,NA
2015,12,2015-09-07,"31","F",82,NA,NA,NA,NA,"BROOD 12","72",7,2200,"LOW",NA,5764,NA,250,NA
2015,12,2015-09-10,"9","F",NA,NA,NA,NA,NA,"BAGGED FOR BROOD STOCK (GREEN)-SEPT 12",NA,NA,2200,"LOW",NA,5764,NA,253,NA
2015,12,2015-09-10,"9","F",NA,NA,NA,NA,NA,"BAGGED FOR BROOD STOCK (GREEN)-SEPT 12",NA,NA,2200,"LOW",NA,5764,NA,253,NA
2015,13,2015-09-07,"30","F",79,NA,NA,NA,NA,"BROOD 13 ( RECAP 4297)","52",5,2000,"LOW",NA,6280,NA,250,NA
2015,14,2015-09-07,"30","F",80,NA,NA,NA,NA,"BROOD 14","52",5,1500,"LOW",NA,5010,NA,250,NA
2015,15,2015-09-07,"24","F",79,NA,NA,NA,NA,"BROOD 15","52",5,1600,"LOW",NA,5536,NA,250,NA
2015,16,2015-09-07,"23","F",76,NA,NA,NA,NA,"BROOD 16","52",5,2000,"LOW",NA,6920,NA,250,NA
2015,17,2015-09-07,"24","F",80,NA,NA,NA,NA,"BROOD 17","52",5,1500,"LOW",NA,4770,NA,250,NA
2015,18,2015-09-08,"3","F",75,NA,NA,NA,NA,"BROOD 18","3M",NA,1700,"UP",NA,6392,NA,251,NA
2015,19,2015-09-08,"6","F",79,NA,NA,NA,NA,"BROOD 19","3M",NA,1700,"UP",NA,0,NA,251,NA
2015,20,2015-09-08,"6","F",79,NA,NA,NA,NA,"BROOD 20","3M",NA,2300,"UP",NA,6624,NA,251,NA
2015,21,2015-09-08,"6","F",79,NA,NA,NA,NA,"BROOD 21","3M",NA,2000,"UP",NA,5840,NA,251,NA
2015,22,2015-09-08,"6","F",77,NA,NA,NA,NA,"BROOD 22","3M",NA,1900,"UP",NA,7258,NA,251,NA
2015,23,2015-09-08,"6","F",82,NA,NA,NA,NA,"BROOD 23","4M",NA,1500,"UP",NA,4410,NA,251,NA
2015,24,2015-09-08,"9","F",80,NA,NA,NA,NA,"BROOD 24","62",6,1900,"UP",NA,6802,NA,251,NA
2015,25,2015-09-08,"9","F",83,NA,NA,NA,NA,"BROOD 25","4M",NA,2300,"UP",NA,6854,NA,251,NA
2015,26,2015-09-09,"31","F",80,NA,NA,NA,NA,"BROOD 26","52",5,1900,"UP",NA,7030,NA,252,NA
2015,27,2015-09-09,"30","F",76,NA,NA,NA,NA,"BROOD 27","52",5,1200,"LOW",NA,3312,NA,252,NA
2015,28,2015-09-09,"30","F",82,NA,NA,NA,NA,"BROOD 28","52",5,2400,"LOW",NA,7536,NA,252,NA
2015,29,2015-09-09,"23","F",78,NA,NA,NA,NA,"BELOW DEEP CREEK - BROOD 29","52",5,1800,"LOW",NA,6228,NA,252,NA
2015,30,2015-09-10,"3","F",88,NA,NA,NA,NA,"BROOD 30","4M",NA,3000,"UP",NA,8760,NA,253,NA
2015,31,2015-09-10,"3","F",79,NA,NA,NA,NA,"BROOD 31","52",5,2400,"UP",NA,7248,NA,253,NA
2015,32,2015-09-10,"9","F",83,NA,NA,NA,NA,"BROOD 32","62",6,1700,"UP",NA,4352,NA,253,NA
2015,33,2015-09-10,"9","F",89,NA,NA,NA,NA,"BROOD 33","62",6,2600,"UP",NA,6656,NA,253,NA
2015,34,2015-09-10,"9","F",82,NA,NA,NA,NA,"BROOD 34","62",6,2100,"UP",NA,5082,NA,253,NA
2015,35,2015-09-10,"9","F",74,NA,NA,NA,NA,"BROOD 35","3M",NA,1800,"UP",NA,6156,NA,253,NA
2015,36,2015-09-11,"31","F",71,NA,NA,NA,NA,"BROOD 36","3M",NA,1500,"LOW",NA,5490,NA,254,NA
2015,37,2015-09-11,"30","F",77,NA,NA,NA,NA,"BROOD 37","52",5,1200,"LOW",NA,4008,NA,254,NA
2015,38,2015-09-11,"30","F",74,NA,NA,NA,NA,"BROOD 38","3M",NA,1800,"LOW",NA,5652,NA,254,NA
2015,39,2015-09-11,"22","F",76,NA,NA,NA,NA,"HAND SET ABOVE DIGGERS POOL - BROOD 39","52",5,1900,"LOW",NA,6574,NA,254,NA
2015,40,2015-09-12,"9","F",87,NA,NA,NA,NA,"BROOD 40","62",6,2700,"UP",NA,7506,NA,255,NA
2015,41,2015-09-12,"9","F",89,NA,NA,NA,NA,"BROOD 41","62",6,2800,"UP",NA,8680,NA,255,NA
2015,42,2015-09-12,"9","F",89,NA,NA,NA,NA,"BROOD 42  - BAGGED SEPT 10","52",5,2000,"UP",NA,7520,NA,255,NA
2015,43,2015-09-12,"9","F",92,NA,NA,NA,NA,"BROOD 43  - BAGGED SEPT 10","4M",NA,NA,NA,"destroyed due to water hardened eggs",NA,NA,255,NA
2015,44,2015-09-12,"9","F",84,NA,NA,NA,NA,"BROOD 44","52",5,2000,"UP",NA,6400,NA,255,NA
2015,45,2015-09-12,"12","F",79,NA,NA,NA,NA,"BROOD 45","62",6,1400,"UP",NA,5012,NA,255,NA
2015,46,2015-09-12,"12","F",76,NA,NA,NA,NA,"BROOD 46","3M",NA,1700,"UP",NA,5712,NA,255,NA
2015,47,2015-09-14,"23","F",80,NA,NA,NA,NA,"BROOD 47","52",5,1300,"LOW",NA,4056,NA,257,NA
2015,48,2015-09-15,"3","F",87,NA,NA,NA,NA,"BROOD 48","4M",NA,2900,"UP",NA,7772,NA,258,NA
2015,49,2015-09-15,"3","F",83,NA,NA,NA,NA,"BROOD 49","4M",NA,1700,"UP",NA,0,NA,258,NA
2015,50,2015-09-15,"3","F",74,NA,NA,NA,NA,"BROOD 50","52",5,1400,"UP",NA,4900,NA,258,NA
2016,1,2016-08-31,"6","F",79,NA,NA,NA,NA,NA,"62",6,2600,"UP","bloody",6188,NA,244,NA
2016,2,2016-08-31,"6","F",82,NA,NA,NA,NA,NA,"52",5,3500,"UP","fairly bloody",8470,NA,244,NA
2016,3,2016-09-02,"12","F",76,NA,NA,NA,NA,NA,"52",5,1800,"UP","fatty deposits",5472,NA,246,NA
2016,4,2016-09-02,"12","F",78,NA,NA,NA,NA,NA,"42",4,2300,"UP","fatty deposits",6486,NA,246,NA
2016,5,2016-09-02,"12","F",73,NA,NA,NA,NA,NA,"52",5,1700,"UP","fatty deposits",4828,NA,246,NA
2016,6,2016-09-02,"9","F",78,NA,NA,NA,NA,"*Taken for Brood #6 but determined too green after collection attempt. Destroyed*","4M",NA,1500,"UP",NA,4140,NA,246,NA
2016,6,2016-09-03,"3","F",73,NA,NA,NA,NA,NA,"52",5,1500,"UP",NA,4140,NA,247,NA
2016,7,2016-09-03,"6","F",78,NA,NA,NA,NA,NA,"52",5,1500,"UP",NA,3840,NA,247,NA
2016,8,2016-09-03,"12","F",84,NA,NA,NA,NA,NA,"62",6,2700,"UP",NA,6534,NA,247,NA
2016,9,2016-09-03,"12","F",85,NA,NA,NA,NA,NA,"",NA,3000,"UP","white clumps",7380,NA,247,NA
2016,10,NA,NA,NA,NA,NA,NA,NA,NA,NA,NA,NA,1800,"UP",NA,4932,NA,NA,NA
2016,11,2016-09-06,"30","F",72,NA,NA,NA,NA,NA,"52",5,1700,"LOW",NA,4794,NA,250,NA
2016,12,2016-09-06,"24","F",79,NA,NA,NA,NA,NA,"62",6,2000,"LOW",NA,5140,NA,250,NA
2016,13,2016-09-06,"24","F",76,NA,NA,NA,NA,NA,"4M",NA,1700,"LOW","white deposits",5712,NA,250,NA
2016,14,2016-09-06,"24","F",83,NA,NA,NA,NA,NA,"52",5,2100,"LOW",NA,4368,NA,250,NA
2016,15,2016-09-06,"24","F",73,NA,NA,NA,NA,NA,"52",5,1500,"LOW",NA,4650,NA,250,NA
2016,16,2016-09-07,"3","F",80,NA,NA,NA,NA,NA,"",NA,2200,"UP",NA,5632,NA,251,NA
2016,17,2016-09-07,"3","F",85,NA,NA,NA,NA,NA,"4M",NA,2700,"UP",NA,6642,NA,251,NA
2016,18,2016-09-07,"6","F",85,NA,NA,NA,NA,NA,"62",6,3100,"UP",NA,7874,NA,251,NA
2016,19,2016-09-07,"9","F",75,NA,NA,NA,NA,NA,"52",5,2000,"UP",NA,6560,NA,251,NA
2016,20,2016-09-07,"9","F",82,NA,NA,NA,NA,NA,"4M",NA,2100,"UP",NA,5124,NA,251,NA
2016,21,2016-09-07,"9","F",82,NA,NA,NA,NA,NA,"62",6,2200,"UP","water dripped onto eggs off of female",4532,NA,251,NA
2016,22,2016-09-08,"30","F",72,NA,NA,NA,NA,NA,"52",5,1500,"LOW",NA,5100,NA,252,NA
2016,23,2016-09-08,"24","F",71,NA,NA,NA,NA,NA,"52",5,1700,"LOW","cyst",5474,NA,252,NA
2016,24,2016-09-08,"24","F",73,NA,NA,NA,NA,NA,"3M",NA,1500,"LOW","cyst",3930,NA,252,NA
2016,25,2016-09-08,"24","F",80,NA,NA,NA,NA,NA,"3M",NA,1600,"LOW","cyst",4448,NA,252,NA
2016,26,2016-09-08,"23","F",85,NA,NA,NA,NA,"Below Deep Creek","62",6,1600,"LOW","many eggs dead",3648,NA,252,NA
2016,27,2016-09-08,"23","F",77,NA,NA,NA,NA,"Below Deep Creek","42",4,2100,"LOW",NA,6762,NA,252,NA
2016,28,2016-09-09,"3","F",81,NA,NA,NA,NA,NA,"62",6,1800,"UP",NA,4896,NA,253,NA
2016,29,2016-09-09,"3","F",81,NA,NA,NA,NA,NA,"52",5,2700,"UP",NA,6858,NA,253,NA
2016,30,2016-09-09,"6","F",85,NA,NA,NA,NA,NA,"4M",NA,1500,"UP",NA,4500,NA,253,NA
2016,31,2016-09-09,"6","F",85,NA,NA,NA,NA,"(Recap - A0394)","",NA,1700,"UP",NA,3366,NA,253,NA
2016,32,2016-09-09,"6","F",82,NA,NA,NA,NA,NA,"62",6,2700,"UP",NA,7560,NA,253,NA
2016,33,2016-09-09,"6","F",78,NA,NA,NA,NA,NA,"62",6,1700,"UP",NA,6358,NA,253,NA
2016,34,2016-09-09,"6","F",78,NA,NA,NA,NA,NA,"62",6,2600,"UP",NA,7124,NA,253,NA
2016,35,2016-09-09,"6","F",74,NA,NA,NA,NA,NA,"52",5,2000,"UP",NA,5160,NA,253,NA
2016,36,2016-09-12,"30","F",80,NA,NA,NA,NA,NA,"52",5,2200,"LOW",NA,6820,NA,256,NA
2016,37,2016-09-12,"24","F",73,NA,NA,NA,NA,NA,"52",5,1500,"LOW",NA,4320,NA,256,NA
2016,38,2016-09-12,"24","F",71,NA,NA,NA,NA,NA,"52",5,1200,"LOW",NA,3720,NA,256,NA
2016,39,2016-09-12,"23","F",87,NA,NA,NA,NA,"Below Deep Creek","4M",NA,3500,"LOW",NA,8680,NA,256,NA
2016,40,2016-09-12,"31","F",69,NA,NA,NA,NA,NA,"3M",NA,1400,"LOW","bloody skein",6496,NA,256,NA
2016,41,2016-09-13,"9","F",71,NA,NA,NA,NA,NA,"62",6,1600,"UP",NA,4896,NA,257,NA
2016,42,2016-09-13,"6","F",80,NA,NA,NA,NA,NA,"4M",NA,1200,"UP",NA,3672,NA,257,NA
2016,43,2016-09-13,"6","F",75,NA,NA,NA,NA,NA,"3M",NA,2000,"UP",NA,6000,NA,257,NA
2016,44,2016-09-13,"6","F",85,NA,NA,NA,NA,NA,"62",6,3400,"UP",NA,8160,NA,257,NA
2016,45,2016-09-14,"30","F",67,NA,"L",NA,NA,"*Recap 4826*","62",6,1500,"LOW",NA,5580,NA,258,NA
2016,46,2016-09-14,"24","F",85,NA,NA,NA,NA,NA,"62",6,3300,"LOW",NA,6996,NA,258,NA
2016,47,2016-09-14,"23","F",NA,NA,NA,NA,NA,"Below Deep Creek *Missing length and scales*",NA,NA,2200,"LOW",NA,5632,NA,258,NA
2016,48,2016-09-14,"23","F",64,NA,NA,NA,NA,"Below Deep Creek","52",5,1000,"LOW",NA,3460,NA,258,NA
2016,49,2016-09-14,"24","F",NA,NA,NA,NA,NA,"*Missing length and scales*",NA,NA,2100,"LOW",NA,5208,NA,258,NA
2017,1,2017-09-04,"9","F",70,NA,NA,NA,NA,NA,"52",5,1500,"UP",NA,5905,3.35,247,0.298507462686567
2017,2,2017-09-05,"24","F",75,NA,NA,NA,NA,NA,"52",5,1400,"LOW","not 100% ripe",5440,2.66,248,0.37593984962406
2017,3,2017-09-05,"30","F",79,NA,NA,NA,NA,NA,"52",5,2300,"LOW",NA,6044,2.27,248,0.440528634361233
2017,4,2017-09-04,"3","F",74,NA,NA,NA,NA,"Bagged for brood on Sept 6","3M",NA,2000,"UP",NA,5054,2.24,247,0.446428571428571
2017,5,2017-09-06,"6","F",88,NA,NA,NA,NA,NA,"62",6,2700,"UP",NA,7020,2.175,249,0.459770114942529
2017,6,2017-09-04,"9","F",NA,NA,NA,NA,NA,"Bagged for brood (Lost Sept 6)",NA,NA,2600,"UP",NA,8148,2.645,247,0.378071833648393
2017,6,2017-09-04,"9","F",NA,NA,NA,NA,NA,"Bagged for Brood (Lost Sept 6)",NA,NA,2600,"UP",NA,8148,2.645,247,0.378071833648393
2017,6,2017-09-06,"6","F",81,NA,NA,NA,NA,NA,"72",7,2600,"UP",NA,8148,2.645,249,0.378071833648393
2017,7,2017-09-06,"9","F",86,NA,NA,NA,NA,NA,"62",6,1800,"UP",NA,4297,2.1,249,0.476190476190476
2017,8,2017-09-06,"6","F",76,NA,NA,NA,NA,NA,"52",5,1200,"UP",NA,3592,2.9,249,0.344827586206897
2017,9,2017-09-06,"6","F",84,NA,NA,NA,NA,NA,NA,NA,2500,"UP",NA,6729,2.325,249,0.43010752688172
2017,9,2017-09-07,"27","F",77,"5082","L",NA,NA,"Bagged for Brood (released Sept 9th)","52",5,2500,"UP",NA,6729,2.325,250,0.43010752688172
2017,10,2017-09-07,"24","F",73,NA,NA,NA,NA,NA,"52",5,1700,"UP",NA,4982,2.24,250,0.446428571428571
2017,11,2017-09-07,"24","F",79,NA,NA,NA,NA,NA,"52",5,2200,"LOW",NA,6041,2.56,250,0.390625
2017,12,2017-09-05,"23","F",77,NA,NA,NA,NA,"Bagged for Brood on Sept 7","52",5,2000,"LOW",NA,7080,3.12,248,0.32051282051282
2017,13,2017-09-08,"3","F",76,NA,NA,NA,NA,NA,"52",5,1300,"UP",NA,4271,2.4,251,0.416666666666667
2017,14,2017-09-08,"3","F",78,NA,NA,NA,NA,NA,"62",6,2100,"UP",NA,5619,2.31,251,0.432900432900433
2017,15,2017-09-08,"6","F",74,NA,NA,NA,NA,NA,"3M",NA,2000,"UP",NA,6223,2.42,251,0.413223140495868
2017,16,2017-09-08,"6","F",NA,NA,NA,NA,NA,NA,"52",5,1900,"UP",NA,7266,2.98,251,0.335570469798658
2017,17,2017-09-08,"9","F",76,NA,NA,NA,NA,NA,"52",5,1100,"UP",NA,3979,2.46,251,0.40650406504065
2017,18,2017-09-08,"9","F",75,NA,NA,NA,NA,NA,"52",5,1600,"UP",NA,4684,2.52,251,0.396825396825397
2017,19,2017-09-08,"9","F",81,NA,NA,NA,NA,NA,"4M",NA,2600,"UP",NA,7447,2.3,251,0.434782608695652
2017,19,2017-09-14,"6","F",NA,NA,NA,NA,NA,"Bagged for brood (Released by Angler Sept 19)",NA,NA,2600,"UP",NA,7447,2.3,257,0.434782608695652
2017,20,2017-09-08,"9","F",74,NA,NA,NA,NA,NA,"62",6,1100,"UP",NA,4086,2.87,251,0.348432055749129
2017,21,2017-09-06,"9","F",77,NA,NA,NA,NA,"Bagged for brood on Sept 8th","32",3,1400,"UP",NA,4944,2.82,249,0.354609929078014
2017,22,2017-09-09,"30","F",NA,NA,NA,NA,NA,NA,"4M",NA,2400,"LOW",NA,5820,2.16,252,0.462962962962963
2017,23,2017-09-16,"3","F",90,NA,NA,NA,NA,NA,"62",6,3100,"UP",NA,8689,2.41,259,0.4149377593361
2017,24,2017-09-16,"9","F",72,NA,NA,NA,NA,NA,"52",5,1000,"UP",NA,6307,2.81,259,0.355871886120996
2017,25,2017-09-16,"9","F",71,NA,NA,NA,NA,NA,"52",5,1000,"UP",NA,3947,2.79,259,0.3584229390681
2017,26,2017-09-16,"3","F",71,NA,NA,NA,NA,NA,"52",5,1000,"UP",NA,4281,3.2,259,0.3125
2017,27,2017-09-18,"30","F",71,NA,NA,NA,NA,NA,"52",5,1300,"LOW",NA,4448,2.82,261,0.354609929078014
2017,28,2017-09-18,"30","F",81,NA,NA,NA,NA,NA,"62",6,1700,"LOW",NA,8279,4.04,261,0.247524752475248
2017,29,2017-09-18,"30","F",74,NA,NA,NA,NA,"Bagged from Sept 16","52",5,2000,"LOW",NA,5108,2.26,261,0.442477876106195
2017,30,2017-09-18,"30","F",76,NA,NA,NA,NA,NA,"3M",NA,1800,"LOW",NA,5055,2.34,261,0.427350427350427
2017,31,2017-08-31,"24","F",70,"4973","L",NA,NA,"Bagged until Aug 31 (not used for brood)","52",5,2500,"LOW",NA,6453,2.21,243,0.452488687782805
2017,31,2017-09-18,"24","F",82,NA,NA,NA,NA,NA,"62",6,2500,"LOW",NA,6453,2.21,261,0.452488687782805
2017,32,2017-09-18,"24","F",84,NA,NA,NA,NA,NA,"62",6,2000,"LOW","many hard eggs",5636,2.37,261,0.421940928270042
2017,33,2017-09-18,"24","F",82,NA,NA,NA,NA,"Bagged Sept 16th","62",6,2000,"LOW",NA,6067,2.48,261,0.403225806451613
2017,34,2017-09-18,"27","F",75,NA,NA,NA,NA,"Bagged Sept 16th (No Scales)",NA,NA,1900,"LOW",NA,5541,2.6,261,0.384615384615385
2017,35,2017-09-19,"3","F",88,NA,NA,NA,NA,NA,"62",6,3000,"UP",NA,11033,3.055,262,0.327332242225859
2018,1,2018-09-01,"3","F",74,NA,NA,NA,NA,"No Scales",NA,NA,2300,"UP",NA,8125,2.9,244,0.344827586206897
2018,2,2018-09-04,"3","F",71,NA,NA,NA,NA,NA,"62",6,1800,"UP",NA,4801,2.3,247,0.434782608695652
2018,3,2018-09-04,"6","F",78,NA,NA,NA,NA,NA,"3M",NA,2400,"UP",NA,8993,3.2,247,0.3125
2018,4,2018-09-04,"9","F",84,NA,NA,NA,NA,NA,"3M",NA,2200,"UP",NA,5375,2.3,247,0.434782608695652
2018,5,2018-09-06,"3","F",76,NA,NA,NA,NA,NA,"3M",NA,2000,"UP",NA,7079,3.2,249,0.3125
2018,6,2018-09-06,"3","F",94,NA,NA,NA,NA,NA,"62",6,2700,"UP",NA,7878,2.5,249,0.4
2018,7,2018-09-06,"3","F",80,NA,NA,NA,NA,NA,"62",6,2600,"UP",NA,0,NA,249,NA
2018,8,2018-09-06,"6","F",77,NA,NA,NA,NA,NA,"52",5,2300,"UP",NA,6673,2.6,249,0.384615384615385
2018,9,2018-09-06,"9","F",79,NA,NA,NA,NA,NA,"52",5,1300,"UP",NA,3884,2.5,249,0.4
2018,10,2018-09-06,"9","F",88,NA,NA,NA,NA,NA,"3M",NA,3600,"UP",NA,8552,2.5,249,0.4
2018,11,2018-09-07,"3","F",75,NA,NA,NA,NA,NA,"52",5,2400,"UP",NA,7223,2.75,250,0.363636363636364
2018,12,2018-09-07,"3","F",77,NA,NA,NA,NA,NA,"51",5,2600,"UP",NA,7446,2.5,250,0.4
2018,13,2018-09-07,"9","F",85,NA,NA,NA,NA,"Recap 1071 R","62",6,2800,"UP",NA,7584,2.3,250,0.434782608695652
2018,14,2018-09-07,"9","F",78,NA,NA,NA,NA,NA,"52",5,2400,"UP",NA,7823,2.8,250,0.357142857142857
2018,15,2018-09-07,"9","F",79,NA,NA,NA,NA,NA,"52",5,2300,"UP",NA,7048,2.8,250,0.357142857142857
2018,16,2018-09-07,"9","F",76,NA,NA,NA,NA,NA,"4M",NA,2000,"UP",NA,5255,2.3,250,0.434782608695652
2018,17,2018-09-07,"9","F",80,NA,NA,NA,NA,NA,"52",5,2900,"UP",NA,8823,2.55,250,0.392156862745098
2018,18,2018-09-08,"30","F",83,NA,NA,NA,NA,NA,"62",6,2300,"LOW",NA,6032,2.25,251,0.444444444444444
2018,19,2018-09-05,"30","F",75,NA,NA,NA,NA,"Bagged for Brood (Sept 8th)","52",5,2300,"LOW",NA,9068,3.3,248,0.303030303030303
2018,20,2018-09-05,"26","F",88,NA,NA,NA,NA,"Bagged For Brood (Sept 8th)","4M",NA,3100,"LOW",NA,7781,2.2,248,0.454545454545455
2018,21,2018-09-10,"3","F",76,NA,NA,NA,NA,NA,"52",5,2400,"UP",NA,7229,2.6,253,0.384615384615385
2018,22,2018-09-10,"3","F",72,NA,NA,NA,NA,"dropped 1374","41",4,700,"UP",NA,3501,3,253,0.333333333333333
2018,23,2018-09-10,"3","F",80,NA,NA,NA,NA,NA,"52",5,2500,"UP",NA,6633,2.275,253,0.43956043956044
2018,24,2018-09-10,"6","F",81,NA,NA,NA,NA,NA,"4M",NA,2300,"UP",NA,0,NA,253,NA
2018,25,2018-09-10,"9","F",80,NA,NA,NA,NA,NA,"52",5,2000,"UP",NA,6088,2.6,253,0.384615384615385
2018,26,2018-09-10,"9","F",84,NA,NA,NA,NA,NA,"52",5,3000,"UP",NA,8422,2.475,253,0.404040404040404
2018,27,2018-09-10,"9","F",77,NA,NA,NA,NA,NA,"42",4,2200,"UP",NA,7009,2.7,253,0.37037037037037
2018,28,2018-09-11,"30","F",79,NA,NA,NA,NA,NA,"52",5,2200,"LOW",NA,5217,2.1,254,0.476190476190476
2018,29,2018-09-11,"30","F",79,NA,NA,NA,NA,NA,"62",6,2500,"LOW",NA,7025,2.3,254,0.434782608695652
2018,30,2018-09-11,"30","F",77,NA,NA,NA,NA,NA,"52",5,2200,"LOW",NA,5392,2.1,254,0.476190476190476
2018,31,2018-09-05,"26","F",77,NA,NA,NA,NA,"Bagged for Brood (Sept 11th)","62",6,2700,"LOW",NA,9091,2.7,248,0.37037037037037
2018,32,2018-09-11,"24","F",72,NA,NA,NA,NA,NA,"52",5,1300,"LOW",NA,4861,2.7,254,0.37037037037037
2018,33,2018-09-12,"3","F",76,NA,NA,NA,NA,NA,"3M",NA,2300,"UP",NA,6767,2.5,255,0.4
2018,34,2018-09-12,"3","F",79,NA,NA,NA,NA,NA,"52",5,2600,"UP",NA,8727,2.9,255,0.344827586206897
2018,35,2018-09-12,"6","F",75,NA,NA,NA,NA,NA,"52",5,1600,"UP",NA,4068,2.3,255,0.434782608695652
2018,36,2018-09-12,"6","F",72,NA,NA,NA,NA,NA,"52",5,2000,"UP",NA,6500,2.65,255,0.377358490566038
2018,37,2018-09-12,"9","F",75,NA,NA,NA,NA,NA,"52",5,2200,"UP",NA,7091,2.8,255,0.357142857142857
2018,38,2018-09-13,"30","F",74,NA,NA,NA,NA,NA,"52",5,2400,"LOW",NA,7651,2.8,256,0.357142857142857
2018,39,2018-09-08,"26","F",85,NA,NA,NA,NA,"Bagged for Sept 13","4M",NA,2800,"LOW",NA,7694,2.45,251,0.408163265306122
2018,40,2018-09-13,"24","F",80,NA,NA,NA,NA,NA,"62",6,1600,"LOW",NA,4671,2.5,256,0.4
2018,41,2018-09-13,"24","F",80,NA,NA,NA,NA,NA,"4M",NA,2000,"LOW",NA,6939,2.95,256,0.338983050847458
2018,42,2018-09-11,"21","F",78,NA,NA,NA,NA,"Bagged for Sept 13","52",5,2100,"LOW",NA,7916,3.25,254,0.307692307692308
2018,43,2018-09-13,"30","F",75,NA,NA,NA,NA,"Recap #305 on L","3M",NA,2200,"LOW",NA,7986,3.15,256,0.317460317460317
2018,44,2018-09-14,"3","F",71,NA,NA,NA,NA,NA,"52",5,1600,"UP",NA,6280,3.2,257,0.3125
2018,45,2018-09-14,"6","F",71,NA,NA,NA,NA,NA,"52",5,1500,"UP","short 1 male due to boat issues and had to leave river early",5142,3.25,257,0.307692307692308
2018,46,2018-09-14,"6","F",80,NA,NA,NA,NA,NA,"62",6,2000,"UP",NA,6955,2.95,257,0.338983050847458
2018,47,2018-09-14,"6","F",85,NA,NA,NA,NA,NA,"52",5,1900,"UP",NA,2831,2.6,257,0.384615384615385
2019,1,2019-08-30,"6","F",82,NA,NA,NA,NA,NA,"52",5,1900,"UP",NA,5994,2.48,242,0.403225806451613
2019,2,2019-08-31,"3","F",73,NA,NA,NA,NA,NA,"52",5,1700,"UP",NA,6119,3.04,243,0.328947368421053
2019,3,2019-08-31,"9","F",81,"1761","R",NA,NA,"Taken for Brood Sept 3rd",NA,NA,2400,"UP",NA,7793,2.665,243,0.375234521575985
2019,3,2019-08-31,"9","F",84,NA,NA,NA,NA,NA,"72",7,2400,"UP",NA,7793,2.665,243,0.375234521575985
2019,4,2019-08-31,"9","F",75,NA,NA,NA,NA,NA,"52",5,1800,"UP",NA,5909,3.09,243,0.323624595469256
2019,5,2019-08-31,"9","F",83,NA,NA,NA,NA,NA,"4M",NA,3200,"UP",NA,10209,2.71,243,0.3690036900369
2019,6,2019-08-31,"9","F",82,NA,NA,NA,NA,NA,"52",5,2400,"UP",NA,10075,3.35,243,0.298507462686567
2019,7,2019-09-02,"30","F",78,NA,NA,NA,NA,NA,"52",5,2100,"LOW",NA,6088,2.5,245,0.4
2019,8,2019-09-03,"3","F",85,NA,NA,NA,NA,NA,"",NA,2100,"UP",NA,6292,2.51,246,0.398406374501992
2019,9,2019-09-03,"3","F",76,NA,NA,NA,NA,NA,"41",4,1800,"UP",NA,6467,2.99,246,0.334448160535117
2019,10,2019-09-03,"9","F",80,NA,NA,NA,NA,"Tag 1761","51",5,2200,"UP",NA,7031,2.698,246,0.370644922164566
2019,11,2019-09-03,"9","F",78,NA,NA,NA,NA,NA,"4M",NA,2100,"UP",NA,7594,3.13,246,0.319488817891374
2019,12,2019-09-03,"9","F",80,NA,NA,NA,NA,NA,"52",5,2700,"UP",NA,7458,2.3445,246,0.426530177010023
2019,13,2019-09-03,"9","F",80,NA,NA,NA,NA,NA,"52",5,1900,"UP",NA,6391,2.931,246,0.341180484476288
2019,14,2019-09-03,"9","F",84,NA,NA,NA,NA,NA,"62",6,1700,"UP","bloody ovarian fluid",5538,2.73,246,0.366300366300366
2019,15,2019-09-03,"9","F",84,NA,NA,NA,NA,NA,"52",5,2900,"UP",NA,8496,2.525,246,0.396039603960396
2019,16,2019-09-03,"6","F",75,NA,NA,NA,NA,NA,"52",5,1300,"UP",NA,4181,2.9,246,0.344827586206897
2019,17,2019-09-04,"24","F",78,NA,NA,NA,NA,NA,"3M",NA,2100,"LOW",NA,6978,2.73,247,0.366300366300366
2019,18,2019-09-04,"24","F",75,NA,NA,NA,NA,NA,"3M",NA,2100,"LOW","BKD",6592,2.64,247,0.378787878787879
2019,19,2019-09-04,"24","F",76,NA,NA,NA,NA,NA,"3M",NA,2300,"LOW",NA,7768,2.95,247,0.338983050847458
2019,20,2019-09-04,"24","F",77,NA,NA,NA,NA,NA,"52",5,2300,"LOW","BKD",6539,2.61,247,0.383141762452107
2019,21,2019-09-04,"24","F",76,NA,NA,NA,NA,NA,"52",5,2200,"LOW",NA,7049,2.98,247,0.335570469798658
2019,22,2019-09-04,"24","F",80,NA,NA,NA,NA,NA,"52",5,2700,"LOW",NA,8068,2.635,247,0.379506641366224
2019,23,2019-09-05,"3","F",78,NA,NA,NA,NA,NA,"52",5,2200,"UP",NA,5529,2.37,248,0.421940928270042
2019,24,2019-09-05,"3","F",83,NA,NA,NA,NA,NA,"52",5,2500,"UP",NA,8659,2.785,248,0.359066427289048
2019,25,2019-09-05,"6","F",76,NA,NA,NA,NA,NA,"52",5,2000,"UP",NA,6009,2.68,248,0.373134328358209
2019,26,2019-09-05,"6","F",79,NA,NA,NA,NA,NA,"41",4,1800,"UP",NA,5722,2.76,248,0.36231884057971
2019,27,2019-09-05,"6","F",76,NA,NA,NA,NA,NA,"52",5,1700,"UP",NA,4620,2.48,248,0.403225806451613
2019,28,2019-09-05,"9","F",86,NA,NA,NA,NA,NA,"52",5,2600,"UP",NA,7284,2.565,248,0.389863547758285
2019,29,2019-09-05,"9","F",74,NA,NA,NA,NA,NA,"52",5,1900,"UP",NA,5482,2.48,248,0.403225806451613
2019,30,2019-09-05,"9","F",78,NA,NA,NA,NA,NA,"3M",NA,2000,"UP",NA,5741,2.29,248,0.436681222707424
2019,31,2019-09-05,"9","F",75,NA,NA,NA,NA,NA,"3M",NA,1500,"UP",NA,5297,2.9,248,0.344827586206897
2019,32,2019-09-04,"24","F",76,NA,NA,NA,NA,"Bagged for Sept 6","62",6,1900,"LOW",NA,8147,3.42,247,0.292397660818713
2019,33,2019-09-06,"24","F",80,NA,NA,NA,NA,NA,"52",5,1800,"LOW",NA,5253,2.48,249,0.403225806451613
2019,34,2019-09-06,"24","F",84,NA,NA,NA,NA,NA,"62",6,2500,"LOW",NA,6803,2.31,249,0.432900432900433
2019,35,2019-09-06,"24","F",76,NA,NA,NA,NA,NA,"52",5,1600,"LOW",NA,5815,3.095,249,0.323101777059774
2019,36,2019-09-06,"24","F",74,NA,NA,NA,NA,NA,"52",5,1800,"LOW","BKD, SHORT 1 MALE, HAD TO SPLIT 35 AND 36 3 WAYS",6822,3.285,249,0.30441400304414
2019,37,2019-09-07,"3","F",79,NA,NA,NA,NA,NA,"52",5,2000,"UP",NA,6460,2.66,250,0.37593984962406
2019,38,2019-09-07,"3","F",78,NA,NA,NA,NA,NA,NA,NA,1100,"UP",NA,4314,3.01,250,0.332225913621262
2019,39,2019-09-07,"3","F",80,NA,NA,NA,NA,NA,NA,NA,3000,"UP",NA,8313,2.465,250,0.405679513184584
2019,40,2019-09-07,"9","F",84,NA,NA,NA,NA,NA,"52",5,2700,"UP",NA,8965,2.91,250,0.343642611683849
2019,41,2019-09-07,"9","F",83,NA,NA,NA,NA,NA,NA,NA,2100,"UP",NA,7638,2.95,250,0.338983050847458
2019,42,2019-09-07,"9","F",78,NA,NA,NA,NA,NA,NA,NA,1500,"UP",NA,4326,2.823,250,0.354233085370174
2019,43,2019-09-07,"9","F",84,NA,NA,NA,NA,NA,NA,NA,3300,"UP",NA,9542,2.5,250,0.4
2019,44,2019-09-07,"9","F",76,NA,NA,NA,NA,NA,NA,NA,1600,"UP",NA,5108,2.83,250,0.353356890459364
2020,1,2020-08-27,"3","F",81,NA,NA,NA,NA,NA,"51",5,2400,"UPPER",NA,0,NA,240,NA
2020,2,2020-08-27,"3","F",70,NA,NA,NA,NA,NA,"4M",NA,1500,"UPPER",NA,0,NA,240,NA
2020,3,2020-08-29,"3","F",76,NA,NA,NA,NA,NA,"",NA,2000,"UPPER",NA,0,NA,242,NA
2020,4,2020-08-31,"3","F",86,NA,NA,NA,NA,NA,"62",6,2200,"UPPER",NA,0,NA,244,NA
2020,5,2020-08-31,"3","F",80,NA,NA,NA,NA,NA,"62",6,2300,"UPPER",NA,0,NA,244,NA
2020,6,2020-08-31,"3","F",82,NA,NA,NA,NA,NA,"62",6,2500,"UPPER",NA,0,NA,244,NA
2020,7,2020-08-31,"3","F",NA,NA,NA,NA,NA,NA,"3M",NA,2300,"UPPER",NA,0,NA,244,NA
2020,8,2020-08-31,"3","F",79,NA,NA,NA,NA,NA,"52",5,2300,"UPPER",NA,0,NA,244,NA
2020,9,2020-09-01,"3","F",77,NA,NA,NA,NA,NA,"3M",NA,1700,"UPPER",NA,0,NA,245,NA
2020,10,2020-09-01,"3","F",83,NA,NA,NA,NA,NA,"51",5,2500,"UPPER",NA,0,NA,245,NA
2020,11,2020-09-02,"3","F",78,NA,NA,NA,NA,NA,"52",5,2200,"UPPER",NA,0,NA,246,NA
2020,12,2020-09-02,"3","F",76,NA,NA,NA,NA,NA,"52",5,2100,"UPPER",NA,0,NA,246,NA
2020,13,2020-09-02,"3","F",77,NA,NA,NA,NA,NA,"52",5,2000,"UPPER","EHHS NOT 100% LOOSE",0,NA,246,NA
2020,14,2020-09-02,"3","F",84,NA,NA,NA,NA,NA,"4M",NA,1700,"UPPER","SKIPPED A TRAY",0,NA,246,NA
2020,15,2020-09-03,"3","F",80,NA,NA,NA,NA,NA,"62",6,2200,"UPPER",NA,6425,2.42,247,0.413223140495868
2020,16,2020-09-03,"9","F",75,NA,NA,NA,NA,NA,"52",5,1500,"UPPER",NA,NA,NA,247,NA
2020,17,2020-09-03,"6","F",81,NA,NA,NA,NA,NA,"62",6,2400,"UPPER",NA,6871,2.58,247,0.387596899224806
2020,18,2020-09-03,"6","F",74,NA,NA,NA,NA,NA,"52",5,1900,"UPPER",NA,0,2.94,247,0.340136054421769
2020,19,2020-09-05,"3","F",79,NA,NA,NA,NA,NA,"3M",NA,2200,"UPPER",NA,0,NA,249,NA
2020,20,2020-09-05,"6","F",80,NA,NA,NA,NA,NA,NA,NA,1900,"UPPER","BLOODY",5756,2.59,249,0.386100386100386
2020,21,2020-09-05,"6","F",76,NA,NA,NA,NA,NA,"51",5,1700,"UPPER",NA,4964,2.72,249,0.367647058823529
2020,22,2020-09-05,"5","F",88,NA,NA,NA,NA,NA,"62",6,2200,"UPPER","UNHEALTHY SKEINS",0,NA,249,NA
2020,23,2020-09-05,"3","F",82,NA,NA,NA,NA,NA,"51",5,2600,"UPPER",NA,8680,3.08333333333333,249,0.324324324324324
2020,24,2020-09-07,"6","F",75,NA,NA,NA,NA,NA,"62",6,1300,"UPPER","UNHEALTHY SKEINS",0,NA,251,NA
2020,25,2020-09-08,"3","F",78,NA,NA,NA,NA,NA,"52",5,2100,"UPPER",NA,6636,2.88,252,0.347222222222222
2020,26,2020-09-08,"3","F",90,NA,NA,NA,NA,NA,"62",6,2600,"UPPER",NA,6847,2.1525,252,0.464576074332172
2020,27,2020-09-08,"9","F",72,NA,NA,NA,NA,NA,"3M",NA,1500,"UPPER",NA,5995,3.4,252,0.294117647058824
2020,28,2020-09-08,"3","F",80,NA,NA,NA,NA,NA,"62",6,1700,"UPPER","BLOODY AND UNHEALTHY",5568,2.92,252,0.342465753424658
2020,29,2020-09-08,"3","F",77,NA,NA,NA,NA,NA,"3M",NA,1700,"UPPER",NA,0,NA,252,NA
2020,30,2020-09-11,"3","F",87,NA,NA,NA,NA,NA,"52",5,2300,"UPPER",NA,8173,2.81,255,0.355871886120997
2020,31,2020-09-11,"3","F",76,NA,NA,NA,NA,NA,"62",6,2200,"UPPER",NA,0,NA,255,NA
2020,32,2020-09-11,"3","F",83,NA,NA,NA,NA,NA,"",NA,800,"UPPER","LOTS OF FLUID",2787,2.33,255,0.429184549356223
2020,33,2020-09-11,"3","F",82,NA,NA,NA,NA,NA,"51",5,2100,"UPPER",NA,7470,2.87,255,0.348432055749129
2020,34,2020-09-11,"6","F",79,NA,NA,NA,NA,NA,"52",5,1900,"UPPER",NA,7361,3.27,255,0.305810397553517
2020,35,2020-09-12,"24","F",92,NA,NA,NA,NA,NA,"62",6,4000,"LOWER",NA,11852,2.55,256,0.392156862745098
2020,36,2020-09-14,"24","F",70,NA,NA,NA,NA,NA,"3M",NA,1600,"LOWER",NA,4984,2.96,258,0.337837837837838
2020,37,2020-09-14,"24","F",82,NA,NA,NA,NA,NA,"62",6,2100,"LOWER","CHANGED BECAUSE OF BLOODY SPERM",6823,2.7,258,0.37037037037037
2020,38,2020-09-15,"6","F",79,NA,NA,NA,NA,NA,"52",5,2600,"UPPER",NA,9991,3.4,259,0.294117647058823
2020,39,2020-09-15,"6","F",76,NA,NA,NA,NA,NA,"3M",NA,2000,"UPPER",NA,7311,3.41,259,0.293255131964809
2020,40,2020-09-15,"11","F",67,NA,NA,NA,NA,NA,"51",5,1800,"UPPER",NA,6410,3.16,259,0.316455696202532
2021,1,2021-09-01,"3","F",77,NA,NA,NA,NA,"256-001","52",5,2600,"Upper",NA,3203,2.63,244,0.380228136882129
2021,2,2021-09-03,"6","F",82,NA,NA,NA,NA,"256-002","52",5,2200,"Upper",NA,11585,2.8735,246,0.348007656168436
2021,3,2021-09-03,"6","F",78,NA,NA,NA,NA,"256-003","3M",NA,2500,"Upper",NA,7521,2.885,246,0.346620450606586
2021,4,2021-09-04,"6","F",76,NA,NA,NA,NA,"256-004","62",6,1900,"Upper",NA,5909,2.78,247,0.359712230215827
2021,5,2021-09-04,"9","F",84,NA,NA,NA,NA,"256-005","52",5,2100,"Upper",NA,6880,2.83,247,0.353356890459364
2021,6,2021-09-04,"9","F",89,NA,NA,NA,NA,"256-006","51",5,3200,"Upper","Marbles, Eggs not as soft",6807,2.025,247,0.493827160493827
2021,7,2021-09-09,"3","F",77,NA,NA,NA,NA,"256-007","3M",NA,1600,"Upper",NA,6254,3.12,252,0.32051282051282
2021,8,2021-09-09,"3","F",82,NA,NA,NA,NA,"256-008","4M",NA,2200,"Upper",NA,7312,2.78,252,0.359712230215827
2021,9,2021-09-09,"6","F",76,NA,NA,NA,NA,"256-009","3M",NA,1400,"Upper",NA,4394,2.97,252,0.336700336700337
2021,10,2021-09-09,"3","F",79,NA,NA,NA,NA,"256-010","62",6,1800,"Upper",NA,7648,3.48,252,0.28735632183908
2021,11,2021-09-09,"3","F",74,NA,NA,NA,NA,"256-011","52",5,200,"Upper",NA,1424,3.15,252,0.317460317460317
2021,12,2021-09-09,"3","F",74,NA,NA,NA,NA,"256-012 *Was 2700*","3M",NA,700,"Upper",NA,3006,3.17,252,0.315457413249211
2021,13,2021-09-10,"24","F",79,NA,NA,NA,NA,"256-013 *752 Removed*","52",5,2700,"Lower",NA,8483,2.835,253,0.352733686067019
2021,14,2021-09-11,"3","F",75,NA,NA,NA,NA,"256-014","3M",NA,1600,"Upper",NA,5460,3.39,254,0.294985250737463
2021,15,2021-09-11,"3","F",81,NA,NA,NA,NA,"256-015","62",6,2800,"Upper",NA,7752,2.37,254,0.421940928270042
2021,16,2021-09-11,"3","F",82,NA,NA,NA,NA,"256-016","51",5,1600,"Upper",NA,4039,2.68,254,0.373134328358209
2021,17,2021-09-11,"3","F",71,NA,NA,NA,NA,"256-017","52",5,1600,"Upper",NA,6283,3.26,254,0.306748466257669
2021,18,2021-09-11,"3","F",70,NA,NA,NA,NA,"256-018","52",5,800,"Upper",NA,3430,3.19,254,0.313479623824451
2021,19,2021-09-11,"3","F",79,NA,NA,NA,NA,"256-019","52",5,1300,"Upper",NA,4690,2.81,254,0.355871886120996
2021,20,2021-09-11,"6","F",74,NA,NA,NA,NA,"256-020","52",5,1800,"Upper",NA,6565,3.05,254,0.327868852459016
2021,21,2021-09-11,"6","F",75,NA,NA,NA,NA,"256-021","52",5,2100,"Upper",NA,7562,3.19,254,0.313479623824451
2021,22,2021-09-11,"6","F",76,NA,NA,NA,NA,"256-022","3M",NA,1600,"Upper",NA,6565,3.19,254,0.313479623824451
2021,23,2021-09-14,"3","F",72,NA,NA,NA,NA,"256-023","3M",NA,1800,"Upper",NA,6646,2.32,257,0.431034482758621
2021,24,2021-09-14,"3","F",73,NA,NA,NA,NA,"256-024","52",5,1600,"Upper",NA,6380,3.14,257,0.318471337579618
2021,25,2021-09-14,"3","F",67,NA,NA,NA,NA,"256-025","3M",NA,1100,"Upper",NA,4890,3.39,257,0.294985250737463
2021,26,2021-09-14,"9","F",77,NA,NA,NA,NA,"256-026","3M",NA,2000,"Upper",NA,6395,2.96,257,0.337837837837838
2021,27,2021-09-14,"9","F",74,NA,NA,NA,NA,"256-027 *Vemco Tag ID2411, 1356362*","52",5,1100,"Upper","Pit Tag found in eggs",3527,2.58,257,0.387596899224806
2021,28,2021-09-14,"9","F",71,NA,NA,NA,NA,"256-028","52",5,1700,"Upper",NA,5246,2.76,257,0.36231884057971
2021,29,2021-09-14,"9","F",76,NA,NA,NA,NA,"256-029","3M",NA,2200,"Upper",NA,7080,2.665,257,0.375234521575985
2021,30,2021-09-16,"3","F",73,NA,NA,NA,NA,"256-030","52",5,1800,"Upper",NA,6803,3.06,259,0.326797385620915
2021,31,2021-09-16,"3","F",70,NA,NA,NA,NA,"256-031","52",5,1300,"Upper",NA,5308,3.59,259,0.278551532033426
2021,32,2021-09-16,"6","F",79,NA,NA,NA,NA,"256-032","52",5,1200,"Upper",NA,3453,2.52,259,0.396825396825397
2021,33,2021-09-16,"6","F",76,NA,NA,NA,NA,"256-033","52",5,1200,"Upper",NA,3851,2.59,259,0.386100386100386
2021,34,2021-09-16,"9","F",65,NA,NA,NA,NA,"256-034","52",5,1100,"Upper","Some double eggs",5925,3.99,259,0.25062656641604
2021,35,2021-09-16,"9","F",74,NA,NA,NA,NA,"256-035","52",5,1800,"Upper",NA,6475,3.32,259,0.301204819277108
2021,36,2021-09-16,"9","F",80,NA,NA,NA,NA,"256-036","52",5,1900,"Upper",NA,7861,3.36,259,0.297619047619048
2021,37,2021-09-16,"9","F",74,NA,NA,NA,NA,"256-037","52",5,1000,"Upper",NA,4668,3.48,259,0.28735632183908
2021,38,2021-09-16,"6","F",80,NA,NA,NA,NA,"256-038","52",5,2500,"Upper",NA,7345,2.605,259,0.383877159309021
2021,39,2021-09-17,"23","F",68,NA,NA,NA,NA,"256-039","3M",NA,500,"Lower",NA,2453,3.1,260,0.32258064516129
2021,40,2021-09-18,"3","F",74,NA,NA,NA,NA,"256-040","52",5,2100,"Upper",NA,8910,3.71,261,0.269541778975741
2021,41,2021-09-18,"3","F",76,NA,NA,NA,NA,"256-041","52",5,700,"Upper",NA,3240,3.26,261,0.306748466257669
2021,42,2021-09-18,"3","F",73,NA,NA,NA,NA,"256-042","52",5,1500,"Upper",NA,6352,3.47,261,0.288184438040346
2022,1,2022-09-03,"6","F",74,NA,NA,NA,NA,NA,"52",5,2100,"Upper",NA,7236.7,2.9,246,0.344827586206897
2022,2,2022-09-05,"3","F",71,NA,NA,NA,NA,NA,"3M",NA,1900,"Upper",NA,7355,3.75,248,0.266666666666667
2022,3,2022-09-05,"3","F",71,NA,NA,NA,NA,NA,NA,NA,1900,"Upper",NA,5753.1,2.77,248,0.36101083032491
2022,4,2022-09-06,"6","F",82,NA,NA,NA,NA,NA,"52",5,3000,"Upper",NA,8496.4,2.535,249,0.394477317554241
2022,5,2022-09-06,"9","F",80,NA,NA,NA,NA,NA,"52",5,2600,"Upper",NA,9209.06,3.115,249,0.321027287319422
2022,6,2022-09-06,"3","F",76,NA,NA,NA,NA,NA,"52",5,700,"Upper",NA,2486.2,2.98,249,0.335570469798658
2022,7,2022-09-06,"3","F",82,NA,NA,NA,NA,NA,"62",6,3000,"Upper",NA,9440.8,2.765,249,0.361663652802893
2022,8,2022-09-07,"3","F",78,NA,NA,NA,NA,NA,"52",5,2700,"Upper",NA,8833.8,2.805,250,0.35650623885918
2022,9,2022-09-07,"9","F",92,NA,NA,NA,NA,NA,"62",6,3700,"Upper",NA,9727.3,2.2675,250,0.441014332965821
2022,10,2022-09-07,"3","F",77,NA,NA,NA,NA,NA,"52",5,1500,"Upper",NA,4754.4,2.585,250,0.386847195357834
2022,11,2022-09-07,"3","F",81,NA,NA,NA,NA,NA,"52",5,2500,"Upper",NA,7297.8,2.55,250,0.392156862745098
2022,12,2022-09-07,"3","F",79,NA,NA,NA,NA,NA,"3M",NA,2300,"Upper",NA,7825.1,3.045,250,0.328407224958949
2022,13,2022-09-08,"3","F",83,NA,NA,NA,NA,NA,"52",5,3100,"Upper",NA,10829.2,2.89,251,0.346020761245675
2022,14,2022-09-08,"3","F",76,NA,NA,NA,NA,NA,"52",5,2300,"Upper",NA,7832.4,3.015,251,0.33167495854063
2022,15,2022-09-09,"3","F",81,NA,NA,NA,NA,NA,"52",5,2200,"Upper","Bloody OV fluid. Some marbles. Didn't drop eggs right away but was ripe.",7918.7,3,252,0.333333333333333
2022,16,2022-09-12,"3","F",77,NA,NA,NA,NA,NA,"52",5,1800,"Upper",NA,6295.3,2.84,255,0.352112676056338
2022,17,2022-09-12,"3","F",83,NA,NA,NA,NA,NA,"1F",NA,2300,"Upper",NA,6480.7,2.4725,255,0.404448938321537
2022,18,2022-09-12,"6","F",83,NA,NA,NA,NA,NA,"4M",NA,2500,"Upper",NA,6392.4,2.19,255,0.45662100456621
2022,19,2022-09-12,"6","F",78,NA,NA,NA,NA,NA,"52",5,2100,"Upper",NA,6291.8,2.88,255,0.347222222222222
2022,20,2022-09-12,"6","F",76,NA,NA,NA,NA,NA,"3M",NA,1100,"Upper",NA,4498.8,3.5,255,0.285714285714286
2022,21,2022-09-12,"6","F",73,NA,NA,NA,NA,NA,"3M",NA,1200,"Upper",NA,3658.9,2.645,255,0.378071833648393
2022,22,2022-09-12,"6","F",77,NA,NA,NA,NA,NA,NA,NA,1900,"Upper",NA,5743.9,2.715,255,0.368324125230203
2022,23,2022-09-12,"6","F",80,NA,NA,NA,NA,NA,"62",6,2500,"Upper",NA,7466.5,2.53,255,0.395256916996047
2022,24,2022-09-14,"3","F",74,NA,NA,NA,NA,NA,"3M",NA,2100,"Upper",NA,6510,2.8,257,0.357142857142857
2022,25,2022-09-14,"3","F",69,NA,NA,NA,NA,NA,"51",5,1800,"Upper",NA,5874.7,3.285,257,0.30441400304414
2022,26,2022-09-14,"3","F",80,NA,NA,NA,NA,NA,"3M",NA,2200,"Upper",NA,6274.8,2.54,257,0.393700787401575
2022,27,2022-09-14,"6","F",84,NA,NA,NA,NA,NA,"52",5,2700,"Upper",NA,9213,2.9325,257,0.341005967604433
2022,28,2022-09-15,"3","F",87,NA,NA,NA,NA,NA,"62",6,3500,"Upper",NA,10166.9,2.6175,258,0.382043935052531
2023,1,2023-09-02,"6","F",77,NA,NA,NA,NA,NA,"62",6,2700,"Upper",NA,7451.8,2.24,245,0.446428571428571
2023,2,2023-09-02,"6","F",76,NA,NA,NA,NA,NA,"52",5,2000,"Upper",NA,5683.2,2.49,245,0.401606425702811
2023,3,2023-09-02,"6","F",75,NA,NA,NA,NA,NA,"52",5,2200,"Upper",NA,7565.2,3.1,245,0.32258064516129
2023,4,2023-09-04,"6","F",74,NA,NA,NA,NA,NA,"52",5,1400,"Upper",NA,4111.6,2.52,247,0.396825396825397
2023,5,2023-09-04,"6","F",75,NA,NA,NA,NA,NA,"51",5,2100,"Upper",NA,4820,2.07,247,0.483091787439614
2023,6,2023-09-04,"6","F",88,NA,NA,NA,NA,NA,"62",6,3200,"Upper",NA,9206.2,2.38,247,0.420168067226891
2023,7,2023-09-04,"6","F",79,NA,NA,NA,NA,NA,"51",5,2100,"Upper",NA,7295.2,2.85,247,0.350877192982456
2023,8,2023-09-04,"6","F",80,NA,NA,NA,NA,NA,"52",5,2300,"Upper",NA,7278.5,2.78,247,0.359712230215827
2023,9,2023-09-05,"30","F",73,NA,NA,NA,NA,NA,"52",5,1800,"Upper",NA,6643.2,3,248,0.333333333333333
2023,10,2023-09-06,"3","F",73,NA,NA,NA,NA,NA,"52",5,1500,"Upper",NA,5044.2,2.6,249,0.384615384615385
2023,11,2023-09-06,"3","F",78,NA,NA,NA,NA,NA,NA,NA,2500,"Upper",NA,9795.29,3.28,249,0.304878048780488
2023,12,2023-09-06,"6","F",74,NA,NA,NA,NA,NA,"52",5,1500,"Upper",NA,5447.4,3.5,249,0.285714285714286
2023,13,2023-09-06,"6","F",75,NA,NA,NA,NA,NA,"52",5,2000,"Upper",NA,5753.64,2.6,249,0.384615384615385
2023,14,2023-09-06,"6","F",74,NA,NA,NA,NA,NA,"3M",NA,1500,"Upper",NA,5593.8,2.9,249,0.344827586206897
2023,15,2023-09-06,"6","F",74,NA,NA,NA,NA,NA,"52",5,1800,"Upper",NA,5801.9,2.9,249,0.344827586206897
2023,16,2023-09-06,"6","F",78,NA,NA,NA,NA,NA,"52",5,1400,"Upper",NA,4234,2.6,249,0.384615384615385
2023,17,2023-09-06,"6","F",75,NA,NA,NA,NA,NA,"52",5,1500,"Upper",NA,4155.9,2.7,249,0.37037037037037
2023,18,2023-09-06,"6","F",80,NA,NA,NA,NA,NA,"51",5,2300,"Upper",NA,7112.5,2.8,249,0.357142857142857
2023,19,2023-09-06,"6","F",89,NA,NA,NA,NA,NA,"62",6,2900,"Upper",NA,7121.56,2,249,0.5
2023,20,2023-09-07,"5","F",73,NA,NA,NA,NA,NA,"3M",NA,2000,"Upper",NA,5950.52,2.7,250,0.37037037037037
2023,21,2023-09-07,"6","F",71,NA,NA,NA,NA,NA,"52",5,1500,"Upper","BKD",NA,NA,250,NA
2023,22,2023-09-08,"3","F",83,NA,NA,NA,NA,NA,"51",5,2200,"Upper",NA,3574.6,2.8,251,0.357142857142857
2023,23,2023-09-08,"3","F",68,NA,NA,NA,NA,NA,NA,NA,1100,"Upper",NA,5032.9,3.3,251,0.303030303030303
2023,24,2023-09-08,"3","F",75,NA,NA,NA,NA,NA,"52",5,1800,"Upper",NA,6425.4,2.9,251,0.344827586206897
2023,25,2023-09-08,"3","F",76,NA,NA,NA,NA,NA,"52",5,2400,"Upper",NA,3732.9,2.5,251,0.4
2023,26,2023-09-08,"30","F",72,NA,NA,NA,NA,NA,"52",5,1500,"Lower",NA,6183.11,3.4,251,0.294117647058824
2023,27,2023-09-08,"30","F",71,NA,NA,NA,NA,NA,"3M",NA,2000,"Lower",NA,7255.3,3,251,0.333333333333333
2023,28,2023-09-09,"6","F",71,NA,NA,NA,NA,NA,"52",5,1900,"Upper",NA,6472,2.9,252,0.344827586206897
2023,29,2023-09-09,"6","F",69,NA,NA,NA,NA,NA,"52",5,1200,"Upper",NA,5198.9,3,252,0.333333333333333
2023,30,2023-09-09,"9","F",69,NA,NA,NA,NA,NA,"52",5,1000,"Upper",NA,2828.1,2.6,252,0.384615384615385
2023,31,2023-09-11,"3","F",71,NA,NA,NA,NA,NA,"52",5,1100,"Upper",NA,0,NA,254,NA
2023,32,2023-09-11,"6","F",77,NA,NA,NA,NA,NA,"51",5,2000,"Upper",NA,6892.7,3,254,0.333333333333333
2023,33,2023-09-11,"6","F",84,NA,NA,NA,NA,NA,NA,NA,1700,"Upper",NA,5389.3,2.6,254,0.384615384615385
2023,34,2023-09-11,"6","F",72,NA,NA,NA,NA,NA,"52",5,2200,"Upper",NA,7075.7,2.97,254,0.336700336700337
2023,35,2023-09-11,"9","F",76,NA,NA,NA,NA,NA,"52",5,2400,"Upper",NA,8403.7,3.12,254,0.32051282051282
2024,1,2024-09-02,"3","F",72,NA,NA,"N",NA,NA,"62",6,2000,"Upper",NA,5643.48,2.44,246,0.409836065573771
2024,2,2024-09-02,"10","F",82,NA,NA,"N",NA,"Lots of eggs on skeine, may not fertilize, not ripe enough","62",6,1200,"Upper","Fish taken too early, expect high mortality",1849.37,2.55,246,0.392156862745098
2024,3,2024-09-04,"3","F",68,NA,NA,"N",NA,NA,"52",5,1600,"Upper",NA,8409.7,4.31,248,0.232018561484919
2024,4,2024-09-04,"3","F",69,NA,NA,"N",NA,NA,"52",5,1900,"Upper",NA,5765.3,2.77,248,0.36101083032491
2024,5,2024-09-04,"3","F",76,NA,NA,"N",NA,NA,NA,NA,1300,"Upper",NA,3961,2.72,248,0.367647058823529
2024,6,2024-09-04,"6","F",77,NA,NA,"N",NA,NA,"3M",NA,2600,"Upper",NA,6927.5,2.4775,248,0.403632694248234
2024,7,2024-09-04,"9","F",77,NA,NA,"N",NA,NA,"52",5,2300,"Upper",NA,7158.2,2.675,248,0.373831775700935
2024,8,2024-09-05,"24","F",73,NA,NA,"N",NA,NA,"4M",NA,1600,"Lower",NA,3834.49,2.165,249,0.46189376443418
2024,9,2024-09-06,"3","F",74,NA,NA,"N",NA,NA,"52",5,2200,"Upper",NA,6170.16,2.375,250,0.421052631578947
2024,10,2024-09-06,"3","F",78,NA,NA,"N",NA,NA,"62",6,1100,"Upper",NA,3518.7,2.24,250,0.446428571428571
2024,11,2024-09-06,"6","F",72,NA,NA,"N",NA,NA,"52",5,2100,"Upper",NA,6087,2.585,250,0.386847195357834
2024,12,2024-09-06,"6","F",79,NA,NA,"N",NA,NA,"4M",NA,2500,"Upper",NA,6918.17,2.3375,250,0.427807486631016
2024,13,2024-09-06,"6","F",72,NA,NA,"N",NA,NA,"52",5,1500,"Upper",NA,5726.82,2.87,250,0.348432055749129
2024,14,2024-09-06,"6","F",75,NA,NA,"N",NA,NA,"3M",NA,1600,"Upper",NA,4575.98,2.62,250,0.381679389312977
2024,15,2024-09-06,"9","F",77,NA,NA,"N",NA,NA,"4M",NA,2100,"Upper",NA,6827,2.77,250,0.36101083032491
2024,16,2024-09-06,"9","F",78,NA,NA,"N",NA,NA,"62",6,2100,"Upper",NA,5179.5,2.165,250,0.46189376443418
2024,17,2024-09-07,"24","F",85,NA,NA,"N",NA,NA,"52",5,2800,"Lower",NA,8170.3,2.27,251,0.440528634361233
2024,18,2024-09-07,"29","F",73,NA,NA,"N",NA,NA,"51",5,1800,"Lower",NA,6595.7,2.95,251,0.338983050847458
2024,19,2024-09-09,"3","F",74,NA,NA,"N",NA,NA,"52",5,1800,"Upper",NA,6779.9,2.98,253,0.335570469798658
2024,20,2024-09-09,"3","F",73,NA,NA,"N",NA,NA,"51",5,1400,"Upper",NA,3524,2.67,253,0.374531835205993
2024,21,2024-09-09,"3","F",79,NA,NA,"N",NA,"Bloody ovarian fluid, dry kidney","4M",NA,1000,"Upper",NA,2480,2.125,253,0.470588235294118
2024,22,2024-09-09,"6","F",66,"3428","R","N",NA,"3428 (F) recap - used for brood","52",5,1300,"Upper",NA,4721,3.225,253,0.310077519379845
2024,23,2024-09-09,"6","F",86,NA,NA,"N",NA,NA,"4M",NA,200,"Upper",NA,988,3.03,253,0.33003300330033
2024,24,2024-09-09,"6","F",72,NA,NA,"N",NA,NA,"52",5,1500,"Upper","Lots of marbles",4820,2.73,253,0.366300366300366
2024,25,2024-09-09,"6","F",72,NA,NA,"N",NA,NA,"51",5,500,"Upper",NA,2041,2.91,253,0.343642611683849
2024,26,2024-09-09,"6","F",94,NA,NA,"N",NA,NA,"62",6,4500,"Upper",NA,10038,1.83666666666667,253,0.544464609800363
2024,27,2024-09-10,"3","F",76,NA,NA,"N",NA,NA,"4M",NA,2300,"Upper",NA,7358,2.3925,254,0.417972831765935
2024,28,2024-09-10,"6","F",73,NA,NA,"N",NA,NA,"52",5,2200,"Upper",NA,7863.17,2.9325,254,0.341005967604433
2024,29,2024-09-10,"6","F",71,NA,NA,"N",NA,NA,"52",5,2200,"Upper",NA,8476.79,3.0625,254,0.326530612244898
2024,30,2024-09-10,"3","F",75,NA,NA,"N",NA,NA,"3M",NA,1600,"Upper",NA,4153,2.26,254,0.442477876106195
2024,31,2024-09-12,"3","F",82,NA,NA,"N",NA,NA,"52",5,1700,"Upper",NA,5826,2.73,256,0.366300366300366
2024,32,2024-09-12,"6","F",70,NA,NA,"N",NA,NA,"52",5,900,"Upper",NA,3572,2.895,256,0.345423143350604
2024,33,2024-09-14,"3","F",76,NA,NA,"N",NA,NA,"52",5,1600,"Upper",NA,4904,2.47,258,0.404858299595142
2024,34,2024-09-14,"6","F",72,NA,NA,"N",NA,NA,"52",5,2000,"Upper",NA,7450,3.295,258,0.303490136570561
2024,35,2024-09-14,"6","F",72,NA,NA,"N",NA,NA,"52",5,1300,"Upper",NA,4611,3.325,258,0.300751879699248
2024,36,2024-09-14,"6","F",70,NA,NA,"N",NA,NA,"3M",NA,1800,"Upper",NA,0,NA,258,NA
2024,37,2024-09-14,"6","F",81,NA,NA,"N",NA,NA,"51",5,2100,"Upper",NA,5573,2.44,258,0.409836065573771
2025,1,2025-09-03,"3","F",75,NA,NA,"N",NA,NA,"52",5,1800,"Upper",NA,5815.02933441399,2.55498505392494,246,0.391391722023505
2025,2,2025-09-05,"3","F",85,NA,NA,"N",NA,NA,"62",6,2800,"Upper",NA,7544.78913927162,1.92679880470344,248,0.518995547204481
2025,3,2025-09-05,"6","F",72,NA,NA,"N",NA,NA,"52",5,1300,"Upper",NA,3507.18625152247,2.30106682218705,248,0.434581034482759
2025,4,2025-09-05,"6","F",76,NA,NA,"N",NA,NA,NA,NA,1300,"Upper",NA,3641.5157594195,2.30842546255358,248,0.433195706866705
2025,5,2025-09-05,"6","F",73,NA,NA,"N",NA,NA,"52",5,1900,"Upper",NA,5445.50475619292,2.46578046354851,248,0.405551108374384
2025,6,2025-09-05,"11","F",75,NA,NA,"N",NA,NA,"52",5,1700,"Upper",NA,5190.56455682244,2.42323207253044,248,0.412671989338503
2025,7,2025-09-06,"3","F",71,NA,NA,"N",NA,NA,NA,NA,1300,"Upper",NA,3121,2.09693800896516,249,0.476885819096531
2025,8,2025-09-06,"6","F",75,NA,NA,"N",NA,NA,NA,NA,1600,"Upper",NA,5114.80447569087,2.44498792122165,249,0.408999975550122
2025,9,2025-09-06,"12","F",71,NA,NA,"N",NA,NA,"3M",NA,1600,"Upper",NA,6076.01781439537,2.43568004323243,249,0.410562956648807
2025,10,2025-09-06,"9","F",71,NA,NA,"N",NA,NA,"3M",NA,2300,"Upper",NA,6939.59690287877,2.33979905206982,249,0.427387129298725
2025,11,2025-09-08,"3","F",82,NA,NA,"N",NA,NA,"4M",NA,2800,"Upper",NA,6727,2.06148471020773,251,0.485087274743471
2025,12,2025-09-08,"3","F",72,NA,NA,"N",NA,NA,"52",5,1300,"Upper",NA,3136.39414467653,1.87268156185849,251,0.533993616622988
2025,13,2025-09-08,"3","F",74,NA,NA,"N",NA,NA,"52",5,1200,"Upper",NA,3128.77952097931,2.11455203416329,251,0.472913403805497
2025,14,2025-09-08,"9","F",75,NA,NA,"N",NA,NA,"3M",NA,2200,"Upper",NA,6668,2.70279825817071,251,0.369986918918919
2025,15,2025-09-08,"9","F",73,NA,NA,"N",NA,NA,"52",5,1100,"Upper",NA,4191.35224984471,2.53572251315362,251,0.394364917617237
2025,16,2025-09-08,"6","F",77,NA,NA,"N",NA,NA,"52",5,1400,"Upper",NA,3882,2.44044853582603,251,0.409760740830998
2025,17,2025-09-08,"6","F",75,NA,NA,"N",NA,NA,"52",5,1000,"Upper",NA,2802.2740553811,2.30449252573337,251,0.433935015554787
2025,18,2025-09-08,"6","F",71,NA,NA,"N",NA,NA,"52",5,700,"Upper",NA,2096.75177119613,2.37536177719039,251,0.420988503562945
2025,19,2025-09-08,"6","F",68,NA,NA,"N",NA,NA,"52",5,1300,"Upper",NA,4422.54845959961,2.49128963516826,251,0.40139853105938
2025,20,2025-09-09,"24","F",83,NA,NA,"N",NA,NA,"62",6,1000,"Lower",NA,0,NA,252,NA
2025,21,2025-09-10,"3","F",81,NA,NA,"N",NA,NA,"52",5,1400,"Upper",NA,3994.95428527065,2.07473415343789,253,0.481989462767061
2025,22,2025-09-10,"6","F",79,NA,NA,"N",NA,NA,"52",5,1100,"Upper",NA,3138.57012010036,2.3766510482169,253,0.42076012831175
2025,23,2025-09-10,"6","F",76,NA,NA,"N",NA,NA,"52",5,1300,"Upper",NA,3200.73962268414,2.03844063776777,253,0.490571067644662
2025,24,2025-09-10,"6","F",75,NA,NA,"N",NA,NA,NA,NA,1300,"Upper",NA,3379.8644718254,2.05306655727089,253,0.487076269621422
2025,25,2025-09-10,"6","F",77,NA,NA,"N",NA,NA,"52",5,1100,"Upper",NA,4255.66422944295,2.30787087966452,253,0.433299804079751
2025,26,2025-09-10,"12","F",76,NA,NA,"N",NA,NA,"62",6,2200,"Upper",NA,4515.07123703604,1.82670612022776,253,0.547433431643246
2025,27,2025-09-12,"3","F",76,NA,NA,"N",NA,NA,"52",5,1800,"Upper",NA,6023,2.59651393650119,255,0.385131766844087
2025,28,2025-09-12,"6","F",72,NA,NA,"N",NA,NA,"52",5,2400,"Upper",NA,7264.41183235685,2.33336731070794,255,0.428565187920029
2025,29,2025-09-12,"6","F",73,NA,NA,"N",NA,NA,"52",5,2100,"Upper",NA,5467.53090175245,2.12025631702869,255,0.471641089791159
2025,30,2025-09-12,"6","F",77,NA,NA,"N",NA,NA,"52",5,2100,"Upper",NA,6331.08888449555,2.5568949998091,255,0.391099360777295
2025,31,2025-09-12,"6","F",67,NA,NA,"N",NA,NA,"3M",NA,1100,"Upper",NA,4504.92845033918,2.83883774794341,255,0.352256834940442
2025,32,2025-09-12,"9","F",76,NA,NA,"N",NA,NA,"52",5,1800,"Upper",NA,5018.1452734294,2.32599344169334,255,0.429923826127383
2025,33,2025-09-12,"9","F",73,NA,NA,"N",NA,NA,"52",5,1100,"Upper",NA,3511.01280069614,2.45534490228939,255,0.407274757638974
2025,34,2025-09-12,"12","F",75,NA,NA,"N",NA,"Twisted skeine blood in one skeine - only took one skeine worth of eggs","52",5,700,"Upper",NA,2712.53330352413,2.47410286991648,255,0.404186912419594
2025,35,2025-09-13,"26","F",74,NA,NA,"N",NA,NA,"3M",NA,2300,"Lower",NA,6400.08213962636,2.49961636147114,256,0.400061391585488
2025,36,2025-09-15,"3","F",75,NA,NA,"N",NA,"Scale book # used out of order","3M",NA,2300,"Upper",NA,6241.30626710274,2.35536249700783,258,0.424563098576277
2025,37,2025-09-15,"6","F",65,NA,NA,"N",NA,NA,"41",4,1300,"Upper",NA,4870.98144153517,3.09622482004751,258,0.322973962848297
